<?xml version="1.0" encoding="UTF-8"?>
<gpx creator="StravaGPX" version="1.1" xmlns="http://www.topografix.com/GPX/1/1" xmlns:xsi="http://www.w3.org/2001/XMLSchema-instance" xsi:schemaLocation="http://www.topografix.com/GPX/1/1 http://www.topografix.com/GPX/1/1/gpx.xsd">
 <metadata>
  <name>Mallorca 26 Ride #1 XD, PdP-Cap D Formentor-Cala St Vincenc-PDP</name>
  <author>
   <name>Mike Kloser</name>
   <link href="https://www.strava.com/athletes/1013890"/>
  </author>
  <copyright author="OpenStreetMap contributors">
   <year>2020</year>
   <license>https://www.openstreetmap.org/copyright</license>
  </copyright>
  <link href="https://www.strava.com/routes/3534415390742802262"/>
 </metadata>
 <trk>
  <name>Mallorca 26 Ride #1 XD, PdP-Cap D Formentor-Cala St Vincenc-PDP</name>
  <link href="https://www.strava.com/routes/3534415390742802262"/>
  <type>cycling</type>
  <trkseg>
   <trkpt lat="39.896190000000004" lon="3.0785500000000003">
    <ele>2.73</ele>
   </trkpt>
   <trkpt lat="39.896996667040014" lon="3.0787599950549103">
    <ele>2.86</ele>
   </trkpt>
   <trkpt lat="39.8978033337013" lon="3.0789699950534186">
    <ele>3.04</ele>
   </trkpt>
   <trkpt lat="39.898610000000005" lon="3.0791800000000005">
    <ele>3.2800000000000002</ele>
   </trkpt>
   <trkpt lat="39.89904000000001" lon="3.0792800000000002">
    <ele>3.43</ele>
   </trkpt>
   <trkpt lat="39.899640000000005" lon="3.0794">
    <ele>3.2900000000000005</ele>
   </trkpt>
   <trkpt lat="39.900419999938414" lon="3.0795049987901333">
    <ele>3.02</ele>
   </trkpt>
   <trkpt lat="39.9012" lon="3.07961">
    <ele>2.97</ele>
   </trkpt>
   <trkpt lat="39.90193" lon="3.0798400000000004">
    <ele>3.17</ele>
   </trkpt>
   <trkpt lat="39.9024" lon="3.0800400000000003">
    <ele>3.33</ele>
   </trkpt>
   <trkpt lat="39.902770000000004" lon="3.0802500000000004">
    <ele>3.36</ele>
   </trkpt>
   <trkpt lat="39.90316" lon="3.0805300000000004">
    <ele>3.1</ele>
   </trkpt>
   <trkpt lat="39.903600000000004" lon="3.0808700000000004">
    <ele>3.1</ele>
   </trkpt>
   <trkpt lat="39.90404000046223" lon="3.0811949979192383">
    <ele>3.1100000000000003</ele>
   </trkpt>
   <trkpt lat="39.90448000000001" lon="3.0815200000000003">
    <ele>3.17</ele>
   </trkpt>
   <trkpt lat="39.90467" lon="3.0816100000000004">
    <ele>3.1400000000000006</ele>
   </trkpt>
   <trkpt lat="39.905270000902924" lon="3.0820199965330928">
    <ele>3.0900000000000003</ele>
   </trkpt>
   <trkpt lat="39.90587" lon="3.0824300000000004">
    <ele>3.12</ele>
   </trkpt>
   <trkpt lat="39.906180000000006" lon="3.08279">
    <ele>3.19</ele>
   </trkpt>
   <trkpt lat="39.906240000000004" lon="3.0828">
    <ele>3.19</ele>
   </trkpt>
   <trkpt lat="39.906240000000004" lon="3.0828300000000004">
    <ele>3.19</ele>
   </trkpt>
   <trkpt lat="39.906290000000006" lon="3.0829000000000004">
    <ele>3.1</ele>
   </trkpt>
   <trkpt lat="39.90637" lon="3.0828900000000004">
    <ele>3.12</ele>
   </trkpt>
   <trkpt lat="39.906400000000005" lon="3.08286">
    <ele>3.12</ele>
   </trkpt>
   <trkpt lat="39.90641" lon="3.08279">
    <ele>3.34</ele>
   </trkpt>
   <trkpt lat="39.906380000000006" lon="3.0827000000000004">
    <ele>3.34</ele>
   </trkpt>
   <trkpt lat="39.906530000000004" lon="3.0826100000000003">
    <ele>3.62</ele>
   </trkpt>
   <trkpt lat="39.9069" lon="3.08232">
    <ele>3.98</ele>
   </trkpt>
   <trkpt lat="39.90746500414681" lon="3.082887485956309">
    <ele>4.04</ele>
   </trkpt>
   <trkpt lat="39.90803000552752" lon="3.0834549812732535">
    <ele>4.42</ele>
   </trkpt>
   <trkpt lat="39.908595004142036" lon="3.084022485951129">
    <ele>4.2</ele>
   </trkpt>
   <trkpt lat="39.90916" lon="3.0845900000000004">
    <ele>4.23</ele>
   </trkpt>
   <trkpt lat="39.909740000000006" lon="3.0851800000000003">
    <ele>4.12</ele>
   </trkpt>
   <trkpt lat="39.910140001612355" lon="3.0857649967925314">
    <ele>4.010000000000001</ele>
   </trkpt>
   <trkpt lat="39.910540000000005" lon="3.0863500000000004">
    <ele>4.21</ele>
   </trkpt>
   <trkpt lat="39.91086500154815" lon="3.086939997297216">
    <ele>4.090000000000001</ele>
   </trkpt>
   <trkpt lat="39.911190000000005" lon="3.08753">
    <ele>4.109999999999999</ele>
   </trkpt>
   <trkpt lat="39.91125" lon="3.08768">
    <ele>4.0</ele>
   </trkpt>
   <trkpt lat="39.91142000158703" lon="3.0882749987564337">
    <ele>3.96</ele>
   </trkpt>
   <trkpt lat="39.911590000000004" lon="3.0888700000000004">
    <ele>3.95</ele>
   </trkpt>
   <trkpt lat="39.911620000000006" lon="3.0891300000000004">
    <ele>4.03</ele>
   </trkpt>
   <trkpt lat="39.91164667311715" lon="3.089996665956734">
    <ele>4.0</ele>
   </trkpt>
   <trkpt lat="39.91167333978274" lon="3.0908633325883588">
    <ele>4.090000000000001</ele>
   </trkpt>
   <trkpt lat="39.9117" lon="3.09173">
    <ele>4.260000000000001</ele>
   </trkpt>
   <trkpt lat="39.9114740196" lon="3.092798014068879">
    <ele>4.540000000000001</ele>
   </trkpt>
   <trkpt lat="39.91124802940258" lon="3.0938660210906077">
    <ele>5.090000000000001</ele>
   </trkpt>
   <trkpt lat="39.9110220294079" lon="3.0949340210649834">
    <ele>5.5600000000000005</ele>
   </trkpt>
   <trkpt lat="39.91079601961611" lon="3.096002013991805">
    <ele>6.2</ele>
   </trkpt>
   <trkpt lat="39.91057" lon="3.0970700000000004">
    <ele>6.430000000000001</ele>
   </trkpt>
   <trkpt lat="39.91048500168748" lon="3.0977000009082087">
    <ele>6.2700000000000005</ele>
   </trkpt>
   <trkpt lat="39.9104" lon="3.0983300000000003">
    <ele>5.9799999999999995</ele>
   </trkpt>
   <trkpt lat="39.91042" lon="3.09852">
    <ele>5.99</ele>
   </trkpt>
   <trkpt lat="39.910500000000006" lon="3.0986100000000003">
    <ele>6.03</ele>
   </trkpt>
   <trkpt lat="39.91115333400374" lon="3.098893327920143">
    <ele>6.98</ele>
   </trkpt>
   <trkpt lat="39.911806667317954" lon="3.099176661245108">
    <ele>9.36</ele>
   </trkpt>
   <trkpt lat="39.91246" lon="3.09946">
    <ele>10.910000000000002</ele>
   </trkpt>
   <trkpt lat="39.912670000000006" lon="3.0996300000000003">
    <ele>11.170000000000002</ele>
   </trkpt>
   <trkpt lat="39.91268" lon="3.09966">
    <ele>11.170000000000002</ele>
   </trkpt>
   <trkpt lat="39.912670000000006" lon="3.0996300000000003">
    <ele>11.13</ele>
   </trkpt>
   <trkpt lat="39.9127" lon="3.0996900000000003">
    <ele>11.22</ele>
   </trkpt>
   <trkpt lat="39.9127" lon="3.0998300000000003">
    <ele>11.22</ele>
   </trkpt>
   <trkpt lat="39.912650000000006" lon="3.10008">
    <ele>11.66</ele>
   </trkpt>
   <trkpt lat="39.91248500223541" lon="3.100800001695065">
    <ele>11.32</ele>
   </trkpt>
   <trkpt lat="39.91232" lon="3.1015200000000003">
    <ele>11.330000000000002</ele>
   </trkpt>
   <trkpt lat="39.91225" lon="3.1019300000000003">
    <ele>11.45</ele>
   </trkpt>
   <trkpt lat="39.91226" lon="3.10211">
    <ele>11.66</ele>
   </trkpt>
   <trkpt lat="39.9123" lon="3.1023">
    <ele>11.99</ele>
   </trkpt>
   <trkpt lat="39.91237" lon="3.10246">
    <ele>12.41</ele>
   </trkpt>
   <trkpt lat="39.91248" lon="3.1026000000000002">
    <ele>12.92</ele>
   </trkpt>
   <trkpt lat="39.91257" lon="3.1026800000000003">
    <ele>13.48</ele>
   </trkpt>
   <trkpt lat="39.91332000235837" lon="3.1032066551155633">
    <ele>18.26</ele>
   </trkpt>
   <trkpt lat="39.91407000233428" lon="3.103733321765106">
    <ele>22.54</ele>
   </trkpt>
   <trkpt lat="39.914820000000006" lon="3.1042600000000005">
    <ele>28.57</ele>
   </trkpt>
   <trkpt lat="39.9149" lon="3.1043900000000004">
    <ele>31.880000000000006</ele>
   </trkpt>
   <trkpt lat="39.914880000000004" lon="3.10455">
    <ele>32.75</ele>
   </trkpt>
   <trkpt lat="39.914840000000005" lon="3.10461">
    <ele>32.75</ele>
   </trkpt>
   <trkpt lat="39.91478" lon="3.1046500000000004">
    <ele>33.150000000000006</ele>
   </trkpt>
   <trkpt lat="39.91471000000001" lon="3.1046600000000004">
    <ele>33.86</ele>
   </trkpt>
   <trkpt lat="39.91397333366423" lon="3.1044699959182362">
    <ele>37.28</ele>
   </trkpt>
   <trkpt lat="39.913236667018374" lon="3.104279995923668">
    <ele>41.38</ele>
   </trkpt>
   <trkpt lat="39.9125" lon="3.1040900000000002">
    <ele>44.160000000000004</ele>
   </trkpt>
   <trkpt lat="39.912240000000004" lon="3.10406">
    <ele>44.6</ele>
   </trkpt>
   <trkpt lat="39.9116" lon="3.1040900000000002">
    <ele>47.870000000000005</ele>
   </trkpt>
   <trkpt lat="39.91154" lon="3.1041200000000004">
    <ele>48.11000000000001</ele>
   </trkpt>
   <trkpt lat="39.91151" lon="3.1042">
    <ele>48.63</ele>
   </trkpt>
   <trkpt lat="39.91152" lon="3.1042600000000005">
    <ele>48.63</ele>
   </trkpt>
   <trkpt lat="39.911550000000005" lon="3.1043200000000004">
    <ele>48.63</ele>
   </trkpt>
   <trkpt lat="39.91161" lon="3.10435">
    <ele>49.84</ele>
   </trkpt>
   <trkpt lat="39.91227000000001" lon="3.1043900000000004">
    <ele>53.120000000000005</ele>
   </trkpt>
   <trkpt lat="39.9125" lon="3.1044500000000004">
    <ele>54.93000000000001</ele>
   </trkpt>
   <trkpt lat="39.912690000000005" lon="3.10456">
    <ele>58.14</ele>
   </trkpt>
   <trkpt lat="39.91302" lon="3.10483">
    <ele>60.18</ele>
   </trkpt>
   <trkpt lat="39.91315" lon="3.10489">
    <ele>61.77</ele>
   </trkpt>
   <trkpt lat="39.913360000000004" lon="3.1049300000000004">
    <ele>61.77</ele>
   </trkpt>
   <trkpt lat="39.91358" lon="3.1050000000000004">
    <ele>64.37</ele>
   </trkpt>
   <trkpt lat="39.91376" lon="3.1051200000000003">
    <ele>65.9</ele>
   </trkpt>
   <trkpt lat="39.914145000617275" lon="3.105459998195474">
    <ele>68.78</ele>
   </trkpt>
   <trkpt lat="39.914530000000006" lon="3.1058000000000003">
    <ele>72.57000000000001</ele>
   </trkpt>
   <trkpt lat="39.914950000000005" lon="3.10637">
    <ele>76.05000000000001</ele>
   </trkpt>
   <trkpt lat="39.91540000111573" lon="3.1068749967048284">
    <ele>81.57000000000001</ele>
   </trkpt>
   <trkpt lat="39.915850000000006" lon="3.1073800000000005">
    <ele>86.49000000000001</ele>
   </trkpt>
   <trkpt lat="39.91621000000001" lon="3.10786">
    <ele>90.27</ele>
   </trkpt>
   <trkpt lat="39.91628" lon="3.1079200000000005">
    <ele>90.27</ele>
   </trkpt>
   <trkpt lat="39.916340000000005" lon="3.10794">
    <ele>90.76</ele>
   </trkpt>
   <trkpt lat="39.916470000000004" lon="3.1079200000000005">
    <ele>91.34</ele>
   </trkpt>
   <trkpt lat="39.91655" lon="3.10786">
    <ele>91.81</ele>
   </trkpt>
   <trkpt lat="39.916870000833455" lon="3.107440001862951">
    <ele>93.81</ele>
   </trkpt>
   <trkpt lat="39.917190000000005" lon="3.1070200000000003">
    <ele>97.91000000000001</ele>
   </trkpt>
   <trkpt lat="39.91723" lon="3.1069400000000003">
    <ele>97.91000000000001</ele>
   </trkpt>
   <trkpt lat="39.91724000000001" lon="3.1067400000000003">
    <ele>99.16000000000001</ele>
   </trkpt>
   <trkpt lat="39.91715000000001" lon="3.10631">
    <ele>101.48000000000002</ele>
   </trkpt>
   <trkpt lat="39.917100000000005" lon="3.10591">
    <ele>103.68</ele>
   </trkpt>
   <trkpt lat="39.917120000000004" lon="3.1058000000000003">
    <ele>103.68</ele>
   </trkpt>
   <trkpt lat="39.91716" lon="3.1057200000000003">
    <ele>103.68</ele>
   </trkpt>
   <trkpt lat="39.91722" lon="3.1056500000000002">
    <ele>103.68</ele>
   </trkpt>
   <trkpt lat="39.917300000000004" lon="3.10562">
    <ele>107.2</ele>
   </trkpt>
   <trkpt lat="39.91749" lon="3.1056500000000002">
    <ele>107.2</ele>
   </trkpt>
   <trkpt lat="39.917840000000005" lon="3.1058200000000005">
    <ele>108.75000000000001</ele>
   </trkpt>
   <trkpt lat="39.918490000000006" lon="3.1063">
    <ele>115.94000000000001</ele>
   </trkpt>
   <trkpt lat="39.91881" lon="3.1064700000000003">
    <ele>118.57000000000001</ele>
   </trkpt>
   <trkpt lat="39.919450000000005" lon="3.1068800000000003">
    <ele>122.61000000000001</ele>
   </trkpt>
   <trkpt lat="39.91962" lon="3.1069600000000004">
    <ele>124.75000000000001</ele>
   </trkpt>
   <trkpt lat="39.91977" lon="3.10699">
    <ele>125.97</ele>
   </trkpt>
   <trkpt lat="39.92037499995999" lon="3.1070049998664553">
    <ele>130.65</ele>
   </trkpt>
   <trkpt lat="39.92098" lon="3.1070200000000003">
    <ele>136.94</ele>
   </trkpt>
   <trkpt lat="39.921150000000004" lon="3.10705">
    <ele>137.96</ele>
   </trkpt>
   <trkpt lat="39.92157" lon="3.1072100000000002">
    <ele>141.48000000000002</ele>
   </trkpt>
   <trkpt lat="39.921760000000006" lon="3.10726">
    <ele>143.07</ele>
   </trkpt>
   <trkpt lat="39.922200000000004" lon="3.10734">
    <ele>146.51</ele>
   </trkpt>
   <trkpt lat="39.92298" lon="3.1077000000000004">
    <ele>153.14000000000001</ele>
   </trkpt>
   <trkpt lat="39.92347" lon="3.10781">
    <ele>157.03</ele>
   </trkpt>
   <trkpt lat="39.92358" lon="3.10781">
    <ele>157.03</ele>
   </trkpt>
   <trkpt lat="39.92371" lon="3.1077700000000004">
    <ele>158.24</ele>
   </trkpt>
   <trkpt lat="39.92427" lon="3.1074800000000002">
    <ele>161.41000000000003</ele>
   </trkpt>
   <trkpt lat="39.924350000000004" lon="3.10747">
    <ele>163.93</ele>
   </trkpt>
   <trkpt lat="39.92443" lon="3.1075100000000004">
    <ele>163.93</ele>
   </trkpt>
   <trkpt lat="39.92455" lon="3.1076500000000005">
    <ele>166.73000000000002</ele>
   </trkpt>
   <trkpt lat="39.92484" lon="3.10833">
    <ele>170.75</ele>
   </trkpt>
   <trkpt lat="39.924890000000005" lon="3.10841">
    <ele>170.75</ele>
   </trkpt>
   <trkpt lat="39.924960000000006" lon="3.1084600000000004">
    <ele>171.35</ele>
   </trkpt>
   <trkpt lat="39.92504" lon="3.10848">
    <ele>172.48000000000002</ele>
   </trkpt>
   <trkpt lat="39.92524" lon="3.10847">
    <ele>173.45000000000002</ele>
   </trkpt>
   <trkpt lat="39.92533" lon="3.10849">
    <ele>173.45000000000002</ele>
   </trkpt>
   <trkpt lat="39.9254" lon="3.1085100000000003">
    <ele>176.01000000000002</ele>
   </trkpt>
   <trkpt lat="39.92546" lon="3.10856">
    <ele>176.01000000000002</ele>
   </trkpt>
   <trkpt lat="39.925540000000005" lon="3.10867">
    <ele>176.01000000000002</ele>
   </trkpt>
   <trkpt lat="39.925630000000005" lon="3.1088400000000003">
    <ele>178.16</ele>
   </trkpt>
   <trkpt lat="39.9258" lon="3.10922">
    <ele>180.27</ele>
   </trkpt>
   <trkpt lat="39.925850000000004" lon="3.10929">
    <ele>180.95000000000002</ele>
   </trkpt>
   <trkpt lat="39.925920000000005" lon="3.1093400000000004">
    <ele>181.57</ele>
   </trkpt>
   <trkpt lat="39.926320000000004" lon="3.1093400000000004">
    <ele>183.82</ele>
   </trkpt>
   <trkpt lat="39.92643" lon="3.10936">
    <ele>184.53000000000003</ele>
   </trkpt>
   <trkpt lat="39.92658" lon="3.1094700000000004">
    <ele>185.29000000000002</ele>
   </trkpt>
   <trkpt lat="39.92676" lon="3.1097">
    <ele>188.52</ele>
   </trkpt>
   <trkpt lat="39.92681" lon="3.1097400000000004">
    <ele>189.27</ele>
   </trkpt>
   <trkpt lat="39.926860000000005" lon="3.1097500000000005">
    <ele>189.27</ele>
   </trkpt>
   <trkpt lat="39.926930000000006" lon="3.1097300000000003">
    <ele>189.91000000000003</ele>
   </trkpt>
   <trkpt lat="39.927080000000004" lon="3.10964">
    <ele>191.23000000000002</ele>
   </trkpt>
   <trkpt lat="39.927170000000004" lon="3.10962">
    <ele>191.23000000000002</ele>
   </trkpt>
   <trkpt lat="39.92728" lon="3.1096500000000002">
    <ele>192.44000000000003</ele>
   </trkpt>
   <trkpt lat="39.9281" lon="3.1100100000000004">
    <ele>198.84</ele>
   </trkpt>
   <trkpt lat="39.928430000000006" lon="3.1100200000000005">
    <ele>201.83</ele>
   </trkpt>
   <trkpt lat="39.92851" lon="3.11004">
    <ele>201.83</ele>
   </trkpt>
   <trkpt lat="39.92857" lon="3.1101">
    <ele>203.76000000000002</ele>
   </trkpt>
   <trkpt lat="39.928700000000006" lon="3.1103300000000003">
    <ele>204.48000000000002</ele>
   </trkpt>
   <trkpt lat="39.92887" lon="3.1106800000000003">
    <ele>205.5</ele>
   </trkpt>
   <trkpt lat="39.92887" lon="3.11085">
    <ele>205.61</ele>
   </trkpt>
   <trkpt lat="39.928700000000006" lon="3.11119">
    <ele>204.07000000000002</ele>
   </trkpt>
   <trkpt lat="39.928700000000006" lon="3.11138">
    <ele>203.5</ele>
   </trkpt>
   <trkpt lat="39.928790000000006" lon="3.1118200000000003">
    <ele>200.75</ele>
   </trkpt>
   <trkpt lat="39.92893" lon="3.1122500000000004">
    <ele>198.70000000000002</ele>
   </trkpt>
   <trkpt lat="39.92909" lon="3.11296">
    <ele>194.32000000000002</ele>
   </trkpt>
   <trkpt lat="39.929120000000005" lon="3.1130000000000004">
    <ele>193.92000000000002</ele>
   </trkpt>
   <trkpt lat="39.92916" lon="3.11301">
    <ele>193.92000000000002</ele>
   </trkpt>
   <trkpt lat="39.929210000000005" lon="3.1129800000000003">
    <ele>192.64000000000001</ele>
   </trkpt>
   <trkpt lat="39.92922" lon="3.1129200000000004">
    <ele>192.64000000000001</ele>
   </trkpt>
   <trkpt lat="39.92913" lon="3.11247">
    <ele>190.62</ele>
   </trkpt>
   <trkpt lat="39.92909" lon="3.11195">
    <ele>189.24</ele>
   </trkpt>
   <trkpt lat="39.929100000000005" lon="3.11186">
    <ele>189.01000000000002</ele>
   </trkpt>
   <trkpt lat="39.92915" lon="3.1117800000000004">
    <ele>188.87</ele>
   </trkpt>
   <trkpt lat="39.929190000000006" lon="3.1117600000000003">
    <ele>188.51000000000002</ele>
   </trkpt>
   <trkpt lat="39.92925" lon="3.1117700000000004">
    <ele>188.51000000000002</ele>
   </trkpt>
   <trkpt lat="39.929280000000006" lon="3.1118">
    <ele>187.72000000000003</ele>
   </trkpt>
   <trkpt lat="39.92931" lon="3.11188">
    <ele>187.72000000000003</ele>
   </trkpt>
   <trkpt lat="39.92935500208009" lon="3.1125749996270153">
    <ele>183.44000000000003</ele>
   </trkpt>
   <trkpt lat="39.9294" lon="3.1132700000000004">
    <ele>179.67000000000002</ele>
   </trkpt>
   <trkpt lat="39.929370000000006" lon="3.1136500000000003">
    <ele>178.03000000000003</ele>
   </trkpt>
   <trkpt lat="39.92938" lon="3.1137200000000003">
    <ele>178.03000000000003</ele>
   </trkpt>
   <trkpt lat="39.929520000000004" lon="3.1141500000000004">
    <ele>175.17000000000002</ele>
   </trkpt>
   <trkpt lat="39.929520000000004" lon="3.1144600000000002">
    <ele>173.13</ele>
   </trkpt>
   <trkpt lat="39.929590000000005" lon="3.11459">
    <ele>172.46</ele>
   </trkpt>
   <trkpt lat="39.929880000000004" lon="3.11479">
    <ele>169.6</ele>
   </trkpt>
   <trkpt lat="39.93018" lon="3.1151000000000004">
    <ele>166.68</ele>
   </trkpt>
   <trkpt lat="39.93039" lon="3.11546">
    <ele>164.51000000000002</ele>
   </trkpt>
   <trkpt lat="39.93043" lon="3.1156200000000003">
    <ele>163.8</ele>
   </trkpt>
   <trkpt lat="39.93041" lon="3.1158900000000003">
    <ele>161.27</ele>
   </trkpt>
   <trkpt lat="39.93043" lon="3.11613">
    <ele>160.34</ele>
   </trkpt>
   <trkpt lat="39.930640000000004" lon="3.11681">
    <ele>157.53</ele>
   </trkpt>
   <trkpt lat="39.930640000000004" lon="3.1170500000000003">
    <ele>157.23000000000002</ele>
   </trkpt>
   <trkpt lat="39.930550000000004" lon="3.11763">
    <ele>157.21</ele>
   </trkpt>
   <trkpt lat="39.93048" lon="3.1178800000000004">
    <ele>157.73000000000002</ele>
   </trkpt>
   <trkpt lat="39.93034" lon="3.1182600000000003">
    <ele>157.82000000000002</ele>
   </trkpt>
   <trkpt lat="39.93032" lon="3.11852">
    <ele>158.01000000000002</ele>
   </trkpt>
   <trkpt lat="39.93036" lon="3.11967">
    <ele>157.79000000000002</ele>
   </trkpt>
   <trkpt lat="39.93047000000001" lon="3.1199700000000004">
    <ele>156.66000000000003</ele>
   </trkpt>
   <trkpt lat="39.930510000000005" lon="3.1202900000000002">
    <ele>154.43</ele>
   </trkpt>
   <trkpt lat="39.930640000000004" lon="3.1206600000000004">
    <ele>151.84</ele>
   </trkpt>
   <trkpt lat="39.93066" lon="3.12083">
    <ele>150.58</ele>
   </trkpt>
   <trkpt lat="39.93065" lon="3.12103">
    <ele>148.73</ele>
   </trkpt>
   <trkpt lat="39.93056" lon="3.1212500000000003">
    <ele>147.84</ele>
   </trkpt>
   <trkpt lat="39.93059" lon="3.1215100000000002">
    <ele>146.62</ele>
   </trkpt>
   <trkpt lat="39.930620000000005" lon="3.1215800000000002">
    <ele>144.79</ele>
   </trkpt>
   <trkpt lat="39.930690000000006" lon="3.1216500000000003">
    <ele>144.79</ele>
   </trkpt>
   <trkpt lat="39.9309" lon="3.1217500000000005">
    <ele>141.65</ele>
   </trkpt>
   <trkpt lat="39.93106" lon="3.1218800000000004">
    <ele>141.65</ele>
   </trkpt>
   <trkpt lat="39.9311" lon="3.1219900000000003">
    <ele>138.72</ele>
   </trkpt>
   <trkpt lat="39.93108" lon="3.12211">
    <ele>138.72</ele>
   </trkpt>
   <trkpt lat="39.931050000000006" lon="3.12216">
    <ele>138.72</ele>
   </trkpt>
   <trkpt lat="39.93077" lon="3.12231">
    <ele>136.13</ele>
   </trkpt>
   <trkpt lat="39.930710000000005" lon="3.1223600000000005">
    <ele>135.81</ele>
   </trkpt>
   <trkpt lat="39.930350000000004" lon="3.1227600000000004">
    <ele>132.26000000000002</ele>
   </trkpt>
   <trkpt lat="39.93029000000001" lon="3.1228800000000003">
    <ele>132.26000000000002</ele>
   </trkpt>
   <trkpt lat="39.930260000000004" lon="3.1230800000000003">
    <ele>131.68</ele>
   </trkpt>
   <trkpt lat="39.93029000000001" lon="3.12379">
    <ele>128.53</ele>
   </trkpt>
   <trkpt lat="39.930220000000006" lon="3.1245800000000004">
    <ele>124.79</ele>
   </trkpt>
   <trkpt lat="39.930240000000005" lon="3.12468">
    <ele>124.50000000000001</ele>
   </trkpt>
   <trkpt lat="39.93028" lon="3.1247300000000005">
    <ele>123.87</ele>
   </trkpt>
   <trkpt lat="39.93032" lon="3.12475">
    <ele>123.19000000000001</ele>
   </trkpt>
   <trkpt lat="39.930350000000004" lon="3.1247300000000005">
    <ele>123.19000000000001</ele>
   </trkpt>
   <trkpt lat="39.93039" lon="3.12462">
    <ele>122.35000000000001</ele>
   </trkpt>
   <trkpt lat="39.93037" lon="3.1242400000000004">
    <ele>120.37</ele>
   </trkpt>
   <trkpt lat="39.930400000000006" lon="3.12406">
    <ele>118.13000000000001</ele>
   </trkpt>
   <trkpt lat="39.930620000000005" lon="3.1232400000000005">
    <ele>114.07000000000001</ele>
   </trkpt>
   <trkpt lat="39.930690000000006" lon="3.12312">
    <ele>113.66000000000001</ele>
   </trkpt>
   <trkpt lat="39.93074" lon="3.1230800000000003">
    <ele>113.66000000000001</ele>
   </trkpt>
   <trkpt lat="39.930800000000005" lon="3.1230700000000002">
    <ele>111.95</ele>
   </trkpt>
   <trkpt lat="39.93108" lon="3.1231500000000003">
    <ele>110.24000000000001</ele>
   </trkpt>
   <trkpt lat="39.93146" lon="3.12304">
    <ele>108.33000000000001</ele>
   </trkpt>
   <trkpt lat="39.93157" lon="3.1230700000000002">
    <ele>107.84</ele>
   </trkpt>
   <trkpt lat="39.931670000000004" lon="3.1231500000000003">
    <ele>106.93</ele>
   </trkpt>
   <trkpt lat="39.93173" lon="3.1232300000000004">
    <ele>106.21000000000001</ele>
   </trkpt>
   <trkpt lat="39.931760000000004" lon="3.12332">
    <ele>105.46000000000001</ele>
   </trkpt>
   <trkpt lat="39.93197" lon="3.1244500000000004">
    <ele>99.83</ele>
   </trkpt>
   <trkpt lat="39.93204" lon="3.1247100000000003">
    <ele>96.42</ele>
   </trkpt>
   <trkpt lat="39.932170000000006" lon="3.1249900000000004">
    <ele>95.31</ele>
   </trkpt>
   <trkpt lat="39.93226000000001" lon="3.12508">
    <ele>92.12</ele>
   </trkpt>
   <trkpt lat="39.932460000000006" lon="3.1251800000000003">
    <ele>92.12</ele>
   </trkpt>
   <trkpt lat="39.93269" lon="3.12522">
    <ele>88.62</ele>
   </trkpt>
   <trkpt lat="39.93338000000001" lon="3.1252600000000004">
    <ele>85.53</ele>
   </trkpt>
   <trkpt lat="39.93347" lon="3.12529">
    <ele>85.18</ele>
   </trkpt>
   <trkpt lat="39.93356" lon="3.12536">
    <ele>84.76</ele>
   </trkpt>
   <trkpt lat="39.933620000000005" lon="3.1255">
    <ele>84.25</ele>
   </trkpt>
   <trkpt lat="39.93363" lon="3.12563">
    <ele>83.74000000000001</ele>
   </trkpt>
   <trkpt lat="39.9335" lon="3.12597">
    <ele>81.75</ele>
   </trkpt>
   <trkpt lat="39.93309" lon="3.12672">
    <ele>76.42</ele>
   </trkpt>
   <trkpt lat="39.9326" lon="3.12732">
    <ele>71.2</ele>
   </trkpt>
   <trkpt lat="39.93231" lon="3.1278">
    <ele>67.27000000000001</ele>
   </trkpt>
   <trkpt lat="39.932140000000004" lon="3.1287200000000004">
    <ele>61.49</ele>
   </trkpt>
   <trkpt lat="39.932140000000004" lon="3.1288600000000004">
    <ele>61.49</ele>
   </trkpt>
   <trkpt lat="39.932170000000006" lon="3.12894">
    <ele>60.45</ele>
   </trkpt>
   <trkpt lat="39.93249" lon="3.1295100000000002">
    <ele>56.18000000000001</ele>
   </trkpt>
   <trkpt lat="39.93285" lon="3.1303500000000004">
    <ele>51.550000000000004</ele>
   </trkpt>
   <trkpt lat="39.93296" lon="3.13051">
    <ele>50.42000000000001</ele>
   </trkpt>
   <trkpt lat="39.9331" lon="3.1306300000000005">
    <ele>49.53</ele>
   </trkpt>
   <trkpt lat="39.93312" lon="3.1307">
    <ele>49.53</ele>
   </trkpt>
   <trkpt lat="39.93309" lon="3.13078">
    <ele>49.150000000000006</ele>
   </trkpt>
   <trkpt lat="39.93303" lon="3.1308000000000002">
    <ele>48.35</ele>
   </trkpt>
   <trkpt lat="39.932950000000005" lon="3.1307600000000004">
    <ele>48.35</ele>
   </trkpt>
   <trkpt lat="39.932860000000005" lon="3.1306700000000003">
    <ele>46.650000000000006</ele>
   </trkpt>
   <trkpt lat="39.93247" lon="3.1301200000000002">
    <ele>42.47</ele>
   </trkpt>
   <trkpt lat="39.93195" lon="3.12957">
    <ele>35.35</ele>
   </trkpt>
   <trkpt lat="39.93148" lon="3.12928">
    <ele>32.46</ele>
   </trkpt>
   <trkpt lat="39.93139" lon="3.1292500000000003">
    <ele>31.790000000000006</ele>
   </trkpt>
   <trkpt lat="39.93131" lon="3.1292600000000004">
    <ele>31.160000000000004</ele>
   </trkpt>
   <trkpt lat="39.93103" lon="3.1294500000000003">
    <ele>29.43</ele>
   </trkpt>
   <trkpt lat="39.930535000532366" lon="3.129835002865233">
    <ele>25.550000000000004</ele>
   </trkpt>
   <trkpt lat="39.930040000000005" lon="3.1302200000000004">
    <ele>23.23</ele>
   </trkpt>
   <trkpt lat="39.92992" lon="3.1303500000000004">
    <ele>22.22</ele>
   </trkpt>
   <trkpt lat="39.929840000000006" lon="3.1305300000000003">
    <ele>20.39</ele>
   </trkpt>
   <trkpt lat="39.9296050044372" lon="3.1315400032279577">
    <ele>15.31</ele>
   </trkpt>
   <trkpt lat="39.929370000000006" lon="3.13255">
    <ele>10.16</ele>
   </trkpt>
   <trkpt lat="39.929120000000005" lon="3.1334700000000004">
    <ele>7.21</ele>
   </trkpt>
   <trkpt lat="39.929120000000005" lon="3.1335200000000003">
    <ele>7.08</ele>
   </trkpt>
   <trkpt lat="39.929140000000004" lon="3.13364">
    <ele>7.050000000000001</ele>
   </trkpt>
   <trkpt lat="39.929170000000006" lon="3.13371">
    <ele>7.050000000000001</ele>
   </trkpt>
   <trkpt lat="39.929280000000006" lon="3.13382">
    <ele>6.9</ele>
   </trkpt>
   <trkpt lat="39.92935000000001" lon="3.1338500000000002">
    <ele>6.9</ele>
   </trkpt>
   <trkpt lat="39.929820000217234" lon="3.1339599992834075">
    <ele>7.280000000000001</ele>
   </trkpt>
   <trkpt lat="39.93029000000001" lon="3.1340700000000004">
    <ele>7.69</ele>
   </trkpt>
   <trkpt lat="39.93045" lon="3.1341300000000003">
    <ele>8.040000000000001</ele>
   </trkpt>
   <trkpt lat="39.93102000044885" lon="3.134494996881531">
    <ele>9.290000000000001</ele>
   </trkpt>
   <trkpt lat="39.93159" lon="3.13486">
    <ele>11.73</ele>
   </trkpt>
   <trkpt lat="39.932140000000004" lon="3.13512">
    <ele>13.49</ele>
   </trkpt>
   <trkpt lat="39.93256000010363" lon="3.1353349986321164">
    <ele>16.19</ele>
   </trkpt>
   <trkpt lat="39.93298" lon="3.1355500000000003">
    <ele>18.01</ele>
   </trkpt>
   <trkpt lat="39.93318" lon="3.1356800000000002">
    <ele>18.94</ele>
   </trkpt>
   <trkpt lat="39.93328" lon="3.1358">
    <ele>19.46</ele>
   </trkpt>
   <trkpt lat="39.93338000000001" lon="3.1359800000000004">
    <ele>19.930000000000003</ele>
   </trkpt>
   <trkpt lat="39.933420000000005" lon="3.1362200000000002">
    <ele>20.91</ele>
   </trkpt>
   <trkpt lat="39.93345" lon="3.1372600000000004">
    <ele>24.040000000000003</ele>
   </trkpt>
   <trkpt lat="39.93347" lon="3.1373900000000003">
    <ele>24.630000000000003</ele>
   </trkpt>
   <trkpt lat="39.933510000000005" lon="3.1375">
    <ele>25.550000000000004</ele>
   </trkpt>
   <trkpt lat="39.933923337642256" lon="3.1382066581638166">
    <ele>29.560000000000002</ele>
   </trkpt>
   <trkpt lat="39.934336670994625" lon="3.138913324862922">
    <ele>36.14000000000001</ele>
   </trkpt>
   <trkpt lat="39.93475" lon="3.1396200000000003">
    <ele>37.50000000000001</ele>
   </trkpt>
   <trkpt lat="39.93491" lon="3.1399600000000003">
    <ele>37.77</ele>
   </trkpt>
   <trkpt lat="39.93516" lon="3.14068">
    <ele>39.66</ele>
   </trkpt>
   <trkpt lat="39.93529" lon="3.14088">
    <ele>40.07</ele>
   </trkpt>
   <trkpt lat="39.93589400626897" lon="3.1414839786782145">
    <ele>42.97</ele>
   </trkpt>
   <trkpt lat="39.93649800940406" lon="3.1420879680174707">
    <ele>43.21000000000001</ele>
   </trkpt>
   <trkpt lat="39.93710200940521" lon="3.1426919680181284">
    <ele>44.36</ele>
   </trkpt>
   <trkpt lat="39.93770600627226" lon="3.1432959786805514">
    <ele>47.68000000000001</ele>
   </trkpt>
   <trkpt lat="39.93831" lon="3.1439000000000004">
    <ele>53.64000000000001</ele>
   </trkpt>
   <trkpt lat="39.93858" lon="3.1442500000000004">
    <ele>55.95</ele>
   </trkpt>
   <trkpt lat="39.93899667126879" lon="3.1449799911523275">
    <ele>57.220000000000006</ele>
   </trkpt>
   <trkpt lat="39.939413337959586" lon="3.1457099911944764">
    <ele>56.11000000000001</ele>
   </trkpt>
   <trkpt lat="39.93983" lon="3.14644">
    <ele>57.52</ele>
   </trkpt>
   <trkpt lat="39.94035203293282" lon="3.1473629366249094">
    <ele>58.78</ele>
   </trkpt>
   <trkpt lat="39.9408740585477" lon="3.148285887332085">
    <ele>59.31</ele>
   </trkpt>
   <trkpt lat="39.94139607684439" lon="3.1492088521218062">
    <ele>60.190000000000005</ele>
   </trkpt>
   <trkpt lat="39.941918087822636" lon="3.1501318309943516">
    <ele>64.47</ele>
   </trkpt>
   <trkpt lat="39.942440091482204" lon="3.151054823949998">
    <ele>67.36</ele>
   </trkpt>
   <trkpt lat="39.942962087822856" lon="3.1519778309890234">
    <ele>68.07000000000001</ele>
   </trkpt>
   <trkpt lat="39.943484076844335" lon="3.1529008521117072">
    <ele>68.8</ele>
   </trkpt>
   <trkpt lat="39.94400605854638" lon="3.1538238873183264">
    <ele>70.60000000000001</ele>
   </trkpt>
   <trkpt lat="39.944528032928766" lon="3.154746936609159">
    <ele>73.52</ele>
   </trkpt>
   <trkpt lat="39.94505" lon="3.15567">
    <ele>74.7</ele>
   </trkpt>
   <trkpt lat="39.94556001435376" lon="3.15658397274535">
    <ele>73.84</ele>
   </trkpt>
   <trkpt lat="39.94607002153081" lon="3.157497959117646">
    <ele>74.51</ele>
   </trkpt>
   <trkpt lat="39.946580021530906" lon="3.158411959117147">
    <ele>77.21</ele>
   </trkpt>
   <trkpt lat="39.947090014353826" lon="3.1593259727441096">
    <ele>81.82000000000001</ele>
   </trkpt>
   <trkpt lat="39.9476" lon="3.1602400000000004">
    <ele>85.0</ele>
   </trkpt>
   <trkpt lat="39.94767" lon="3.16046">
    <ele>85.98</ele>
   </trkpt>
   <trkpt lat="39.947680000000005" lon="3.1607200000000004">
    <ele>86.34000000000002</ele>
   </trkpt>
   <trkpt lat="39.94767" lon="3.1609700000000003">
    <ele>87.22</ele>
   </trkpt>
   <trkpt lat="39.947520000000004" lon="3.16197">
    <ele>89.62</ele>
   </trkpt>
   <trkpt lat="39.947520000000004" lon="3.1621400000000004">
    <ele>90.97000000000001</ele>
   </trkpt>
   <trkpt lat="39.947540000000004" lon="3.16223">
    <ele>90.97000000000001</ele>
   </trkpt>
   <trkpt lat="39.94765" lon="3.1624100000000004">
    <ele>91.43</ele>
   </trkpt>
   <trkpt lat="39.94827" lon="3.1630900000000004">
    <ele>97.96000000000001</ele>
   </trkpt>
   <trkpt lat="39.948350000000005" lon="3.1632200000000004">
    <ele>98.32000000000001</ele>
   </trkpt>
   <trkpt lat="39.94849500244289" lon="3.1639749983697243">
    <ele>97.53</ele>
   </trkpt>
   <trkpt lat="39.948640000000005" lon="3.16473">
    <ele>95.29</ele>
   </trkpt>
   <trkpt lat="39.94878500177731" lon="3.165369998721988">
    <ele>92.81</ele>
   </trkpt>
   <trkpt lat="39.948930000000004" lon="3.1660100000000004">
    <ele>89.26</ele>
   </trkpt>
   <trkpt lat="39.949010002015996" lon="3.166699998941339">
    <ele>85.71000000000001</ele>
   </trkpt>
   <trkpt lat="39.949090000000005" lon="3.16739">
    <ele>83.10000000000001</ele>
   </trkpt>
   <trkpt lat="39.94926" lon="3.16834">
    <ele>80.78</ele>
   </trkpt>
   <trkpt lat="39.9493" lon="3.16882">
    <ele>80.09</ele>
   </trkpt>
   <trkpt lat="39.949290000000005" lon="3.16901">
    <ele>79.55000000000001</ele>
   </trkpt>
   <trkpt lat="39.94914" lon="3.16989">
    <ele>80.52000000000001</ele>
   </trkpt>
   <trkpt lat="39.94923" lon="3.1705900000000002">
    <ele>85.70000000000002</ele>
   </trkpt>
   <trkpt lat="39.949220000000004" lon="3.1707400000000003">
    <ele>86.63000000000001</ele>
   </trkpt>
   <trkpt lat="39.949110000000005" lon="3.1711500000000004">
    <ele>90.50000000000001</ele>
   </trkpt>
   <trkpt lat="39.94906" lon="3.1712300000000004">
    <ele>91.33000000000001</ele>
   </trkpt>
   <trkpt lat="39.94899" lon="3.1713000000000005">
    <ele>92.1</ele>
   </trkpt>
   <trkpt lat="39.948750000000004" lon="3.17132">
    <ele>93.48</ele>
   </trkpt>
   <trkpt lat="39.94843" lon="3.17132">
    <ele>96.02000000000001</ele>
   </trkpt>
   <trkpt lat="39.9483" lon="3.1713700000000005">
    <ele>97.64</ele>
   </trkpt>
   <trkpt lat="39.94825" lon="3.1714100000000003">
    <ele>98.57000000000001</ele>
   </trkpt>
   <trkpt lat="39.948190000000004" lon="3.17151">
    <ele>99.58</ele>
   </trkpt>
   <trkpt lat="39.94816" lon="3.1716200000000003">
    <ele>100.63000000000001</ele>
   </trkpt>
   <trkpt lat="39.948170000000005" lon="3.1717600000000004">
    <ele>100.63000000000001</ele>
   </trkpt>
   <trkpt lat="39.9482" lon="3.17187">
    <ele>102.83</ele>
   </trkpt>
   <trkpt lat="39.94827" lon="3.1719500000000003">
    <ele>103.83</ele>
   </trkpt>
   <trkpt lat="39.94887000000001" lon="3.17227">
    <ele>111.50000000000001</ele>
   </trkpt>
   <trkpt lat="39.948930000000004" lon="3.1723800000000004">
    <ele>111.50000000000001</ele>
   </trkpt>
   <trkpt lat="39.94894" lon="3.17246">
    <ele>111.50000000000001</ele>
   </trkpt>
   <trkpt lat="39.94883" lon="3.1732500000000003">
    <ele>116.97</ele>
   </trkpt>
   <trkpt lat="39.94883" lon="3.17343">
    <ele>117.55000000000001</ele>
   </trkpt>
   <trkpt lat="39.94886" lon="3.1736000000000004">
    <ele>118.26</ele>
   </trkpt>
   <trkpt lat="39.9491" lon="3.17436">
    <ele>121.24000000000001</ele>
   </trkpt>
   <trkpt lat="39.949360000000006" lon="3.1749300000000003">
    <ele>124.32000000000001</ele>
   </trkpt>
   <trkpt lat="39.949400000000004" lon="3.17505">
    <ele>124.78000000000002</ele>
   </trkpt>
   <trkpt lat="39.949540001746584" lon="3.1756849987659144">
    <ele>126.35000000000001</ele>
   </trkpt>
   <trkpt lat="39.94968" lon="3.1763200000000005">
    <ele>130.29999999999998</ele>
   </trkpt>
   <trkpt lat="39.94968" lon="3.1764500000000004">
    <ele>130.29999999999998</ele>
   </trkpt>
   <trkpt lat="39.949490000000004" lon="3.1770500000000004">
    <ele>133.20000000000002</ele>
   </trkpt>
   <trkpt lat="39.949380000000005" lon="3.17755">
    <ele>135.35</ele>
   </trkpt>
   <trkpt lat="39.94935" lon="3.1777900000000003">
    <ele>136.33</ele>
   </trkpt>
   <trkpt lat="39.94937" lon="3.1779300000000004">
    <ele>137.02</ele>
   </trkpt>
   <trkpt lat="39.94946" lon="3.17831">
    <ele>140.67000000000002</ele>
   </trkpt>
   <trkpt lat="39.94969333882989" lon="3.179109994535649">
    <ele>145.39000000000001</ele>
   </trkpt>
   <trkpt lat="39.94992667216135" lon="3.179909994529087">
    <ele>148.32</ele>
   </trkpt>
   <trkpt lat="39.950160000000004" lon="3.1807100000000004">
    <ele>151.63000000000002</ele>
   </trkpt>
   <trkpt lat="39.95036" lon="3.18161">
    <ele>156.27</ele>
   </trkpt>
   <trkpt lat="39.95056000252301" lon="3.182364998073106">
    <ele>161.21</ele>
   </trkpt>
   <trkpt lat="39.95076" lon="3.18312">
    <ele>165.53</ele>
   </trkpt>
   <trkpt lat="39.95123" lon="3.1840300000000004">
    <ele>169.8</ele>
   </trkpt>
   <trkpt lat="39.951370000000004" lon="3.18426">
    <ele>171.42000000000002</ele>
   </trkpt>
   <trkpt lat="39.95181" lon="3.18487">
    <ele>175.78000000000003</ele>
   </trkpt>
   <trkpt lat="39.951840000000004" lon="3.18495">
    <ele>175.78000000000003</ele>
   </trkpt>
   <trkpt lat="39.9519" lon="3.1854600000000004">
    <ele>177.85</ele>
   </trkpt>
   <trkpt lat="39.951980000000006" lon="3.1856400000000002">
    <ele>177.85</ele>
   </trkpt>
   <trkpt lat="39.952160000000006" lon="3.1858700000000004">
    <ele>179.06000000000003</ele>
   </trkpt>
   <trkpt lat="39.95237" lon="3.1860800000000005">
    <ele>180.49</ele>
   </trkpt>
   <trkpt lat="39.95272000000001" lon="3.18631">
    <ele>182.19000000000003</ele>
   </trkpt>
   <trkpt lat="39.952760000000005" lon="3.1864100000000004">
    <ele>182.49</ele>
   </trkpt>
   <trkpt lat="39.952870000000004" lon="3.1872700000000003">
    <ele>182.67000000000002</ele>
   </trkpt>
   <trkpt lat="39.952940000000005" lon="3.18745">
    <ele>182.47000000000003</ele>
   </trkpt>
   <trkpt lat="39.95311" lon="3.18773">
    <ele>182.4</ele>
   </trkpt>
   <trkpt lat="39.95313" lon="3.1878300000000004">
    <ele>182.50000000000003</ele>
   </trkpt>
   <trkpt lat="39.95313" lon="3.1879100000000005">
    <ele>182.50000000000003</ele>
   </trkpt>
   <trkpt lat="39.953010000000006" lon="3.1885600000000003">
    <ele>181.89000000000001</ele>
   </trkpt>
   <trkpt lat="39.953010000000006" lon="3.18866">
    <ele>181.47000000000003</ele>
   </trkpt>
   <trkpt lat="39.953030000000005" lon="3.18875">
    <ele>181.14000000000001</ele>
   </trkpt>
   <trkpt lat="39.95311" lon="3.18887">
    <ele>180.73</ele>
   </trkpt>
   <trkpt lat="39.9532" lon="3.1889200000000004">
    <ele>180.24</ele>
   </trkpt>
   <trkpt lat="39.953880000000005" lon="3.1891100000000003">
    <ele>175.73000000000002</ele>
   </trkpt>
   <trkpt lat="39.953970000000005" lon="3.18915">
    <ele>175.58</ele>
   </trkpt>
   <trkpt lat="39.95405" lon="3.1892400000000003">
    <ele>175.33</ele>
   </trkpt>
   <trkpt lat="39.95409" lon="3.1893300000000004">
    <ele>175.15000000000003</ele>
   </trkpt>
   <trkpt lat="39.95411" lon="3.1895000000000002">
    <ele>175.01000000000002</ele>
   </trkpt>
   <trkpt lat="39.95409" lon="3.1896000000000004">
    <ele>175.06000000000003</ele>
   </trkpt>
   <trkpt lat="39.954040000000006" lon="3.18969">
    <ele>175.06000000000003</ele>
   </trkpt>
   <trkpt lat="39.953480000000006" lon="3.1902100000000004">
    <ele>176.85</ele>
   </trkpt>
   <trkpt lat="39.953190000000006" lon="3.19063">
    <ele>180.13</ele>
   </trkpt>
   <trkpt lat="39.952740000000006" lon="3.19146">
    <ele>183.49</ele>
   </trkpt>
   <trkpt lat="39.9527" lon="3.1916200000000003">
    <ele>183.49</ele>
   </trkpt>
   <trkpt lat="39.95272000000001" lon="3.1917500000000003">
    <ele>183.49</ele>
   </trkpt>
   <trkpt lat="39.95290000000001" lon="3.1921700000000004">
    <ele>185.23</ele>
   </trkpt>
   <trkpt lat="39.95290000000001" lon="3.1922500000000005">
    <ele>185.23</ele>
   </trkpt>
   <trkpt lat="39.95286" lon="3.1923600000000003">
    <ele>185.75000000000003</ele>
   </trkpt>
   <trkpt lat="39.95279" lon="3.1924400000000004">
    <ele>186.06</ele>
   </trkpt>
   <trkpt lat="39.95255" lon="3.1925700000000004">
    <ele>186.79000000000002</ele>
   </trkpt>
   <trkpt lat="39.95194" lon="3.1927000000000003">
    <ele>190.26000000000002</ele>
   </trkpt>
   <trkpt lat="39.951820000000005" lon="3.19275">
    <ele>191.38000000000002</ele>
   </trkpt>
   <trkpt lat="39.951730000000005" lon="3.1928500000000004">
    <ele>191.38000000000002</ele>
   </trkpt>
   <trkpt lat="39.95159" lon="3.19309">
    <ele>192.86</ele>
   </trkpt>
   <trkpt lat="39.951480000000004" lon="3.1932300000000002">
    <ele>193.45000000000002</ele>
   </trkpt>
   <trkpt lat="39.951190000000004" lon="3.1934400000000003">
    <ele>196.14000000000001</ele>
   </trkpt>
   <trkpt lat="39.95111" lon="3.1935300000000004">
    <ele>196.66000000000003</ele>
   </trkpt>
   <trkpt lat="39.951060000000005" lon="3.1936400000000003">
    <ele>197.13000000000002</ele>
   </trkpt>
   <trkpt lat="39.95107" lon="3.1937900000000004">
    <ele>197.78</ele>
   </trkpt>
   <trkpt lat="39.95111" lon="3.19388">
    <ele>198.15</ele>
   </trkpt>
   <trkpt lat="39.95140000000001" lon="3.1943500000000005">
    <ele>199.69</ele>
   </trkpt>
   <trkpt lat="39.95143" lon="3.19443">
    <ele>199.69</ele>
   </trkpt>
   <trkpt lat="39.951420000000006" lon="3.1945500000000004">
    <ele>200.10000000000002</ele>
   </trkpt>
   <trkpt lat="39.95138" lon="3.1946700000000003">
    <ele>200.20000000000002</ele>
   </trkpt>
   <trkpt lat="39.95132" lon="3.1947300000000003">
    <ele>200.47</ele>
   </trkpt>
   <trkpt lat="39.95089" lon="3.1949600000000005">
    <ele>202.41</ele>
   </trkpt>
   <trkpt lat="39.950810000000004" lon="3.1950600000000002">
    <ele>203.21000000000004</ele>
   </trkpt>
   <trkpt lat="39.950750000000006" lon="3.1952100000000003">
    <ele>203.64000000000001</ele>
   </trkpt>
   <trkpt lat="39.95074" lon="3.1954700000000003">
    <ele>204.11</ele>
   </trkpt>
   <trkpt lat="39.95084000000001" lon="3.1961700000000004">
    <ele>207.45000000000002</ele>
   </trkpt>
   <trkpt lat="39.95092" lon="3.19653">
    <ele>209.19</ele>
   </trkpt>
   <trkpt lat="39.95105" lon="3.19687">
    <ele>209.86</ele>
   </trkpt>
   <trkpt lat="39.951280000000004" lon="3.1973100000000003">
    <ele>212.68</ele>
   </trkpt>
   <trkpt lat="39.951330000000006" lon="3.1974400000000003">
    <ele>213.52</ele>
   </trkpt>
   <trkpt lat="39.95147" lon="3.1980500000000003">
    <ele>217.33</ele>
   </trkpt>
   <trkpt lat="39.951510000000006" lon="3.1981300000000004">
    <ele>217.66000000000003</ele>
   </trkpt>
   <trkpt lat="39.95158" lon="3.1982000000000004">
    <ele>218.25000000000003</ele>
   </trkpt>
   <trkpt lat="39.951690000000006" lon="3.1982600000000003">
    <ele>218.15</ele>
   </trkpt>
   <trkpt lat="39.951820000000005" lon="3.19829">
    <ele>217.76</ele>
   </trkpt>
   <trkpt lat="39.9522899998795" lon="3.1983349996784103">
    <ele>217.32000000000002</ele>
   </trkpt>
   <trkpt lat="39.952760000000005" lon="3.1983800000000002">
    <ele>216.55</ele>
   </trkpt>
   <trkpt lat="39.95286" lon="3.1984600000000003">
    <ele>216.67000000000002</ele>
   </trkpt>
   <trkpt lat="39.95297" lon="3.1986100000000004">
    <ele>216.67000000000002</ele>
   </trkpt>
   <trkpt lat="39.95302" lon="3.1987500000000004">
    <ele>217.47000000000003</ele>
   </trkpt>
   <trkpt lat="39.95302" lon="3.1988900000000005">
    <ele>217.47000000000003</ele>
   </trkpt>
   <trkpt lat="39.95299" lon="3.1990900000000004">
    <ele>217.55</ele>
   </trkpt>
   <trkpt lat="39.952780000000004" lon="3.1994800000000003">
    <ele>217.29000000000002</ele>
   </trkpt>
   <trkpt lat="39.952740000000006" lon="3.1998300000000004">
    <ele>216.84</ele>
   </trkpt>
   <trkpt lat="39.95277" lon="3.2001100000000005">
    <ele>216.4</ele>
   </trkpt>
   <trkpt lat="39.95308" lon="3.2010500000000004">
    <ele>214.58</ele>
   </trkpt>
   <trkpt lat="39.953320000000005" lon="3.2014000000000005">
    <ele>212.29</ele>
   </trkpt>
   <trkpt lat="39.95338" lon="3.2015200000000004">
    <ele>211.52</ele>
   </trkpt>
   <trkpt lat="39.9534" lon="3.2017800000000003">
    <ele>209.35</ele>
   </trkpt>
   <trkpt lat="39.953410000000005" lon="3.2026100000000004">
    <ele>204.42000000000002</ele>
   </trkpt>
   <trkpt lat="39.953480000000006" lon="3.20276">
    <ele>203.61</ele>
   </trkpt>
   <trkpt lat="39.95353" lon="3.2028100000000004">
    <ele>203.61</ele>
   </trkpt>
   <trkpt lat="39.953590000000005" lon="3.20283">
    <ele>203.61</ele>
   </trkpt>
   <trkpt lat="39.95373" lon="3.20278">
    <ele>199.78</ele>
   </trkpt>
   <trkpt lat="39.95378" lon="3.2027300000000003">
    <ele>199.78</ele>
   </trkpt>
   <trkpt lat="39.95383" lon="3.2025500000000005">
    <ele>198.0</ele>
   </trkpt>
   <trkpt lat="39.95378" lon="3.20216">
    <ele>196.12</ele>
   </trkpt>
   <trkpt lat="39.95382" lon="3.2019800000000003">
    <ele>194.58</ele>
   </trkpt>
   <trkpt lat="39.953900000000004" lon="3.2019100000000003">
    <ele>193.92000000000002</ele>
   </trkpt>
   <trkpt lat="39.95396" lon="3.2019">
    <ele>193.92000000000002</ele>
   </trkpt>
   <trkpt lat="39.95403" lon="3.2019100000000003">
    <ele>193.92000000000002</ele>
   </trkpt>
   <trkpt lat="39.95422000000001" lon="3.2020000000000004">
    <ele>191.52</ele>
   </trkpt>
   <trkpt lat="39.954280000000004" lon="3.2019900000000003">
    <ele>191.52</ele>
   </trkpt>
   <trkpt lat="39.954330000000006" lon="3.20196">
    <ele>191.52</ele>
   </trkpt>
   <trkpt lat="39.95441" lon="3.2018400000000002">
    <ele>189.38000000000002</ele>
   </trkpt>
   <trkpt lat="39.954550000000005" lon="3.20143">
    <ele>186.98</ele>
   </trkpt>
   <trkpt lat="39.954640000000005" lon="3.20129">
    <ele>186.98</ele>
   </trkpt>
   <trkpt lat="39.95512" lon="3.2008900000000002">
    <ele>182.02</ele>
   </trkpt>
   <trkpt lat="39.95523" lon="3.2008600000000005">
    <ele>180.36</ele>
   </trkpt>
   <trkpt lat="39.95532" lon="3.2008900000000002">
    <ele>180.36</ele>
   </trkpt>
   <trkpt lat="39.955400000000004" lon="3.2009800000000004">
    <ele>179.92000000000002</ele>
   </trkpt>
   <trkpt lat="39.95544" lon="3.2011000000000003">
    <ele>179.65</ele>
   </trkpt>
   <trkpt lat="39.955450000000006" lon="3.2012400000000003">
    <ele>179.35</ele>
   </trkpt>
   <trkpt lat="39.955380000000005" lon="3.2015800000000003">
    <ele>179.07</ele>
   </trkpt>
   <trkpt lat="39.955380000000005" lon="3.20176">
    <ele>178.96</ele>
   </trkpt>
   <trkpt lat="39.95548" lon="3.2024100000000004">
    <ele>178.53000000000003</ele>
   </trkpt>
   <trkpt lat="39.95548" lon="3.20256">
    <ele>178.65</ele>
   </trkpt>
   <trkpt lat="39.95546" lon="3.2026700000000003">
    <ele>178.65</ele>
   </trkpt>
   <trkpt lat="39.95535" lon="3.20283">
    <ele>178.63</ele>
   </trkpt>
   <trkpt lat="39.95485" lon="3.2032700000000003">
    <ele>177.77</ele>
   </trkpt>
   <trkpt lat="39.95469000000001" lon="3.20344">
    <ele>177.32</ele>
   </trkpt>
   <trkpt lat="39.954620000000006" lon="3.2035400000000003">
    <ele>176.97</ele>
   </trkpt>
   <trkpt lat="39.954345001359414" lon="3.204065001776157">
    <ele>174.81000000000003</ele>
   </trkpt>
   <trkpt lat="39.95407" lon="3.20459">
    <ele>173.07</ele>
   </trkpt>
   <trkpt lat="39.95398" lon="3.2048500000000004">
    <ele>173.03</ele>
   </trkpt>
   <trkpt lat="39.953810000000004" lon="3.20554">
    <ele>175.65</ele>
   </trkpt>
   <trkpt lat="39.95362" lon="3.2059800000000003">
    <ele>179.35</ele>
   </trkpt>
   <trkpt lat="39.953590000000005" lon="3.2061200000000003">
    <ele>180.22000000000003</ele>
   </trkpt>
   <trkpt lat="39.953590000000005" lon="3.2062500000000003">
    <ele>180.65</ele>
   </trkpt>
   <trkpt lat="39.95375000000001" lon="3.20724">
    <ele>184.99</ele>
   </trkpt>
   <trkpt lat="39.953810000000004" lon="3.2073600000000004">
    <ele>185.86</ele>
   </trkpt>
   <trkpt lat="39.954040000000006" lon="3.20764">
    <ele>187.41000000000003</ele>
   </trkpt>
   <trkpt lat="39.95414" lon="3.20772">
    <ele>188.06</ele>
   </trkpt>
   <trkpt lat="39.954590000302645" lon="3.2079599984503173">
    <ele>189.33</ele>
   </trkpt>
   <trkpt lat="39.955040000000004" lon="3.2082">
    <ele>190.57000000000002</ele>
   </trkpt>
   <trkpt lat="39.95515" lon="3.2082400000000004">
    <ele>190.9</ele>
   </trkpt>
   <trkpt lat="39.95541" lon="3.2082400000000004">
    <ele>191.31</ele>
   </trkpt>
   <trkpt lat="39.95604" lon="3.2080200000000003">
    <ele>190.84</ele>
   </trkpt>
   <trkpt lat="39.95613" lon="3.2080100000000003">
    <ele>190.84</ele>
   </trkpt>
   <trkpt lat="39.95629" lon="3.20806">
    <ele>190.8</ele>
   </trkpt>
   <trkpt lat="39.95684000000001" lon="3.2083000000000004">
    <ele>189.49</ele>
   </trkpt>
   <trkpt lat="39.95696" lon="3.2083100000000004">
    <ele>189.44000000000003</ele>
   </trkpt>
   <trkpt lat="39.95703" lon="3.2082900000000003">
    <ele>189.39</ele>
   </trkpt>
   <trkpt lat="39.957150000000006" lon="3.2081700000000004">
    <ele>189.3</ele>
   </trkpt>
   <trkpt lat="39.957190000000004" lon="3.20805">
    <ele>189.07000000000002</ele>
   </trkpt>
   <trkpt lat="39.957190000000004" lon="3.20759">
    <ele>186.24</ele>
   </trkpt>
   <trkpt lat="39.95723" lon="3.20745">
    <ele>186.24</ele>
   </trkpt>
   <trkpt lat="39.95731000000001" lon="3.2073400000000003">
    <ele>184.41000000000003</ele>
   </trkpt>
   <trkpt lat="39.957370000000004" lon="3.20731">
    <ele>184.41000000000003</ele>
   </trkpt>
   <trkpt lat="39.957440000000005" lon="3.2073000000000005">
    <ele>184.41000000000003</ele>
   </trkpt>
   <trkpt lat="39.95754" lon="3.2073300000000002">
    <ele>183.56000000000003</ele>
   </trkpt>
   <trkpt lat="39.95763" lon="3.2074200000000004">
    <ele>183.13000000000002</ele>
   </trkpt>
   <trkpt lat="39.95785" lon="3.2080300000000004">
    <ele>182.99</ele>
   </trkpt>
   <trkpt lat="39.95788" lon="3.2082">
    <ele>183.64000000000001</ele>
   </trkpt>
   <trkpt lat="39.95787" lon="3.2083700000000004">
    <ele>184.25000000000003</ele>
   </trkpt>
   <trkpt lat="39.95783" lon="3.2085500000000002">
    <ele>186.50000000000003</ele>
   </trkpt>
   <trkpt lat="39.957750000000004" lon="3.20875">
    <ele>187.74</ele>
   </trkpt>
   <trkpt lat="39.95752" lon="3.2091100000000004">
    <ele>190.75</ele>
   </trkpt>
   <trkpt lat="39.957190000000004" lon="3.20942">
    <ele>194.21</ele>
   </trkpt>
   <trkpt lat="39.95677500166753" lon="3.210060004025762">
    <ele>198.34</ele>
   </trkpt>
   <trkpt lat="39.956360000000004" lon="3.2107">
    <ele>197.45000000000002</ele>
   </trkpt>
   <trkpt lat="39.956120000000006" lon="3.2109500000000004">
    <ele>195.44</ele>
   </trkpt>
   <trkpt lat="39.95572000000001" lon="3.21132">
    <ele>190.43</ele>
   </trkpt>
   <trkpt lat="39.95532" lon="3.21159">
    <ele>186.33</ele>
   </trkpt>
   <trkpt lat="39.955290000000005" lon="3.2116700000000002">
    <ele>185.44000000000003</ele>
   </trkpt>
   <trkpt lat="39.955290000000005" lon="3.2117700000000005">
    <ele>184.45</ele>
   </trkpt>
   <trkpt lat="39.955330000000004" lon="3.21185">
    <ele>184.45</ele>
   </trkpt>
   <trkpt lat="39.955380000000005" lon="3.2119000000000004">
    <ele>182.85000000000002</ele>
   </trkpt>
   <trkpt lat="39.955470000000005" lon="3.2119400000000002">
    <ele>181.82</ele>
   </trkpt>
   <trkpt lat="39.95557" lon="3.21193">
    <ele>180.42000000000002</ele>
   </trkpt>
   <trkpt lat="39.956140000000005" lon="3.21159">
    <ele>174.57</ele>
   </trkpt>
   <trkpt lat="39.95631" lon="3.21153">
    <ele>173.23000000000002</ele>
   </trkpt>
   <trkpt lat="39.956410000000005" lon="3.2115400000000003">
    <ele>171.38</ele>
   </trkpt>
   <trkpt lat="39.957240000000006" lon="3.21173">
    <ele>163.9</ele>
   </trkpt>
   <trkpt lat="39.957370000000004" lon="3.21173">
    <ele>162.5</ele>
   </trkpt>
   <trkpt lat="39.957510000000006" lon="3.2116800000000003">
    <ele>160.55</ele>
   </trkpt>
   <trkpt lat="39.958130000000004" lon="3.2112900000000004">
    <ele>153.16000000000003</ele>
   </trkpt>
   <trkpt lat="39.95824" lon="3.2112600000000002">
    <ele>151.86</ele>
   </trkpt>
   <trkpt lat="39.958670000000005" lon="3.2112000000000003">
    <ele>148.17000000000002</ele>
   </trkpt>
   <trkpt lat="39.958830000000006" lon="3.2111600000000005">
    <ele>146.87</ele>
   </trkpt>
   <trkpt lat="39.9589" lon="3.21111">
    <ele>145.95000000000002</ele>
   </trkpt>
   <trkpt lat="39.959390000000006" lon="3.21029">
    <ele>138.49</ele>
   </trkpt>
   <trkpt lat="39.95946" lon="3.21022">
    <ele>136.16</ele>
   </trkpt>
   <trkpt lat="39.959950000000006" lon="3.2099100000000003">
    <ele>131.31</ele>
   </trkpt>
   <trkpt lat="39.960060000000006" lon="3.2099">
    <ele>130.56</ele>
   </trkpt>
   <trkpt lat="39.960150000000006" lon="3.2099400000000005">
    <ele>130.24</ele>
   </trkpt>
   <trkpt lat="39.96031" lon="3.21016">
    <ele>129.49</ele>
   </trkpt>
   <trkpt lat="39.96034" lon="3.21024">
    <ele>129.57000000000002</ele>
   </trkpt>
   <trkpt lat="39.960350000000005" lon="3.2103300000000004">
    <ele>129.92000000000002</ele>
   </trkpt>
   <trkpt lat="39.960330000000006" lon="3.21058">
    <ele>130.76999999999998</ele>
   </trkpt>
   <trkpt lat="39.96036" lon="3.21071">
    <ele>132.14000000000001</ele>
   </trkpt>
   <trkpt lat="39.960570000000004" lon="3.21103">
    <ele>134.19</ele>
   </trkpt>
   <trkpt lat="39.96063" lon="3.21118">
    <ele>135.37</ele>
   </trkpt>
   <trkpt lat="39.960620000000006" lon="3.2113400000000003">
    <ele>135.37</ele>
   </trkpt>
   <trkpt lat="39.9604" lon="3.21185">
    <ele>140.35</ele>
   </trkpt>
   <trkpt lat="39.96034" lon="3.21198">
    <ele>141.28</ele>
   </trkpt>
   <trkpt lat="39.96034" lon="3.21205">
    <ele>142.17000000000002</ele>
   </trkpt>
   <trkpt lat="39.96038" lon="3.21212">
    <ele>142.98000000000002</ele>
   </trkpt>
   <trkpt lat="39.960440000000006" lon="3.21214">
    <ele>143.33</ele>
   </trkpt>
   <trkpt lat="39.96049" lon="3.2121000000000004">
    <ele>143.63</ele>
   </trkpt>
   <trkpt lat="39.96085" lon="3.2112900000000004">
    <ele>147.64000000000001</ele>
   </trkpt>
   <trkpt lat="39.960890000000006" lon="3.21124">
    <ele>147.64000000000001</ele>
   </trkpt>
   <trkpt lat="39.961000000000006" lon="3.2112300000000005">
    <ele>149.67000000000002</ele>
   </trkpt>
   <trkpt lat="39.961040000000004" lon="3.2112600000000002">
    <ele>149.67000000000002</ele>
   </trkpt>
   <trkpt lat="39.96108" lon="3.2113500000000004">
    <ele>150.31</ele>
   </trkpt>
   <trkpt lat="39.96108" lon="3.21146">
    <ele>150.9</ele>
   </trkpt>
   <trkpt lat="39.960710000000006" lon="3.21192">
    <ele>153.86</ele>
   </trkpt>
   <trkpt lat="39.96067" lon="3.2120400000000005">
    <ele>153.86</ele>
   </trkpt>
   <trkpt lat="39.96067" lon="3.2121700000000004">
    <ele>156.14</ele>
   </trkpt>
   <trkpt lat="39.960730000000005" lon="3.21233">
    <ele>156.84</ele>
   </trkpt>
   <trkpt lat="39.96107000000001" lon="3.2127800000000004">
    <ele>159.88000000000002</ele>
   </trkpt>
   <trkpt lat="39.96114" lon="3.2128">
    <ele>160.51000000000002</ele>
   </trkpt>
   <trkpt lat="39.961200000000005" lon="3.2127800000000004">
    <ele>161.21</ele>
   </trkpt>
   <trkpt lat="39.961240000000004" lon="3.2127100000000004">
    <ele>161.21</ele>
   </trkpt>
   <trkpt lat="39.96126" lon="3.2126300000000003">
    <ele>161.94</ele>
   </trkpt>
   <trkpt lat="39.961240000000004" lon="3.2125700000000004">
    <ele>162.04000000000002</ele>
   </trkpt>
   <trkpt lat="39.96115" lon="3.2124300000000003">
    <ele>162.77</ele>
   </trkpt>
   <trkpt lat="39.961240000000004" lon="3.2125700000000004">
    <ele>162.04000000000002</ele>
   </trkpt>
   <trkpt lat="39.96126" lon="3.2126300000000003">
    <ele>161.94</ele>
   </trkpt>
   <trkpt lat="39.961240000000004" lon="3.2127100000000004">
    <ele>161.21</ele>
   </trkpt>
   <trkpt lat="39.961200000000005" lon="3.2127800000000004">
    <ele>161.21</ele>
   </trkpt>
   <trkpt lat="39.96114" lon="3.2128">
    <ele>160.51000000000002</ele>
   </trkpt>
   <trkpt lat="39.96107000000001" lon="3.2127800000000004">
    <ele>159.88000000000002</ele>
   </trkpt>
   <trkpt lat="39.960730000000005" lon="3.21233">
    <ele>156.84</ele>
   </trkpt>
   <trkpt lat="39.96067" lon="3.2121700000000004">
    <ele>156.14</ele>
   </trkpt>
   <trkpt lat="39.96067" lon="3.2120400000000005">
    <ele>153.86</ele>
   </trkpt>
   <trkpt lat="39.960710000000006" lon="3.21192">
    <ele>153.86</ele>
   </trkpt>
   <trkpt lat="39.96108" lon="3.21146">
    <ele>150.31</ele>
   </trkpt>
   <trkpt lat="39.96108" lon="3.2113500000000004">
    <ele>150.31</ele>
   </trkpt>
   <trkpt lat="39.961040000000004" lon="3.2112600000000002">
    <ele>149.67000000000002</ele>
   </trkpt>
   <trkpt lat="39.961000000000006" lon="3.2112300000000005">
    <ele>149.67000000000002</ele>
   </trkpt>
   <trkpt lat="39.960890000000006" lon="3.21124">
    <ele>147.64000000000001</ele>
   </trkpt>
   <trkpt lat="39.96085" lon="3.2112900000000004">
    <ele>147.64000000000001</ele>
   </trkpt>
   <trkpt lat="39.96049" lon="3.2121000000000004">
    <ele>143.63</ele>
   </trkpt>
   <trkpt lat="39.960440000000006" lon="3.21214">
    <ele>143.33</ele>
   </trkpt>
   <trkpt lat="39.96038" lon="3.21212">
    <ele>142.98000000000002</ele>
   </trkpt>
   <trkpt lat="39.96034" lon="3.21205">
    <ele>142.17000000000002</ele>
   </trkpt>
   <trkpt lat="39.96034" lon="3.21198">
    <ele>141.28</ele>
   </trkpt>
   <trkpt lat="39.9604" lon="3.21185">
    <ele>140.35</ele>
   </trkpt>
   <trkpt lat="39.960620000000006" lon="3.2113400000000003">
    <ele>135.37</ele>
   </trkpt>
   <trkpt lat="39.96063" lon="3.21118">
    <ele>135.37</ele>
   </trkpt>
   <trkpt lat="39.960570000000004" lon="3.21103">
    <ele>134.19</ele>
   </trkpt>
   <trkpt lat="39.96036" lon="3.21071">
    <ele>132.14000000000001</ele>
   </trkpt>
   <trkpt lat="39.960330000000006" lon="3.21058">
    <ele>130.76999999999998</ele>
   </trkpt>
   <trkpt lat="39.960350000000005" lon="3.2103300000000004">
    <ele>129.72</ele>
   </trkpt>
   <trkpt lat="39.96034" lon="3.21024">
    <ele>129.57000000000002</ele>
   </trkpt>
   <trkpt lat="39.96031" lon="3.21016">
    <ele>129.47</ele>
   </trkpt>
   <trkpt lat="39.960150000000006" lon="3.2099400000000005">
    <ele>130.24</ele>
   </trkpt>
   <trkpt lat="39.960060000000006" lon="3.2099">
    <ele>130.56</ele>
   </trkpt>
   <trkpt lat="39.959950000000006" lon="3.2099100000000003">
    <ele>131.31</ele>
   </trkpt>
   <trkpt lat="39.95946" lon="3.21022">
    <ele>136.16</ele>
   </trkpt>
   <trkpt lat="39.959390000000006" lon="3.21029">
    <ele>138.49</ele>
   </trkpt>
   <trkpt lat="39.9589" lon="3.21111">
    <ele>145.95000000000002</ele>
   </trkpt>
   <trkpt lat="39.958830000000006" lon="3.2111600000000005">
    <ele>146.87</ele>
   </trkpt>
   <trkpt lat="39.958670000000005" lon="3.2112000000000003">
    <ele>148.17000000000002</ele>
   </trkpt>
   <trkpt lat="39.95824" lon="3.2112600000000002">
    <ele>151.86</ele>
   </trkpt>
   <trkpt lat="39.958130000000004" lon="3.2112900000000004">
    <ele>153.16000000000003</ele>
   </trkpt>
   <trkpt lat="39.957510000000006" lon="3.2116800000000003">
    <ele>160.55</ele>
   </trkpt>
   <trkpt lat="39.957370000000004" lon="3.21173">
    <ele>162.5</ele>
   </trkpt>
   <trkpt lat="39.957240000000006" lon="3.21173">
    <ele>163.9</ele>
   </trkpt>
   <trkpt lat="39.956410000000005" lon="3.2115400000000003">
    <ele>171.38</ele>
   </trkpt>
   <trkpt lat="39.95631" lon="3.21153">
    <ele>173.23000000000002</ele>
   </trkpt>
   <trkpt lat="39.956140000000005" lon="3.21159">
    <ele>174.57</ele>
   </trkpt>
   <trkpt lat="39.95557" lon="3.21193">
    <ele>180.42000000000002</ele>
   </trkpt>
   <trkpt lat="39.955470000000005" lon="3.2119400000000002">
    <ele>181.82</ele>
   </trkpt>
   <trkpt lat="39.955380000000005" lon="3.2119000000000004">
    <ele>182.85000000000002</ele>
   </trkpt>
   <trkpt lat="39.955330000000004" lon="3.21185">
    <ele>184.45</ele>
   </trkpt>
   <trkpt lat="39.955290000000005" lon="3.2117700000000005">
    <ele>184.45</ele>
   </trkpt>
   <trkpt lat="39.955290000000005" lon="3.2116700000000002">
    <ele>185.9</ele>
   </trkpt>
   <trkpt lat="39.95532" lon="3.21159">
    <ele>186.33</ele>
   </trkpt>
   <trkpt lat="39.95572000000001" lon="3.21132">
    <ele>190.43</ele>
   </trkpt>
   <trkpt lat="39.956120000000006" lon="3.2109500000000004">
    <ele>195.44</ele>
   </trkpt>
   <trkpt lat="39.956360000000004" lon="3.2107">
    <ele>197.45000000000002</ele>
   </trkpt>
   <trkpt lat="39.95677500185166" lon="3.2100600037417797">
    <ele>198.34</ele>
   </trkpt>
   <trkpt lat="39.957190000000004" lon="3.20942">
    <ele>194.21</ele>
   </trkpt>
   <trkpt lat="39.95752" lon="3.2091100000000004">
    <ele>190.75</ele>
   </trkpt>
   <trkpt lat="39.957750000000004" lon="3.20875">
    <ele>187.74</ele>
   </trkpt>
   <trkpt lat="39.95783" lon="3.2085500000000002">
    <ele>184.96</ele>
   </trkpt>
   <trkpt lat="39.95787" lon="3.2083700000000004">
    <ele>184.25000000000003</ele>
   </trkpt>
   <trkpt lat="39.95788" lon="3.2082">
    <ele>183.64000000000001</ele>
   </trkpt>
   <trkpt lat="39.95785" lon="3.2080300000000004">
    <ele>182.99</ele>
   </trkpt>
   <trkpt lat="39.95763" lon="3.2074200000000004">
    <ele>183.13000000000002</ele>
   </trkpt>
   <trkpt lat="39.95754" lon="3.2073300000000002">
    <ele>183.56000000000003</ele>
   </trkpt>
   <trkpt lat="39.957440000000005" lon="3.2073000000000005">
    <ele>184.41000000000003</ele>
   </trkpt>
   <trkpt lat="39.957370000000004" lon="3.20731">
    <ele>184.41000000000003</ele>
   </trkpt>
   <trkpt lat="39.95731000000001" lon="3.2073400000000003">
    <ele>184.41000000000003</ele>
   </trkpt>
   <trkpt lat="39.95723" lon="3.20745">
    <ele>186.24</ele>
   </trkpt>
   <trkpt lat="39.957190000000004" lon="3.20759">
    <ele>186.24</ele>
   </trkpt>
   <trkpt lat="39.957190000000004" lon="3.20805">
    <ele>189.07000000000002</ele>
   </trkpt>
   <trkpt lat="39.957150000000006" lon="3.2081700000000004">
    <ele>189.3</ele>
   </trkpt>
   <trkpt lat="39.95703" lon="3.2082900000000003">
    <ele>189.39</ele>
   </trkpt>
   <trkpt lat="39.95696" lon="3.2083100000000004">
    <ele>189.44000000000003</ele>
   </trkpt>
   <trkpt lat="39.95684000000001" lon="3.2083000000000004">
    <ele>189.49</ele>
   </trkpt>
   <trkpt lat="39.95629" lon="3.20806">
    <ele>190.8</ele>
   </trkpt>
   <trkpt lat="39.95613" lon="3.2080100000000003">
    <ele>190.84</ele>
   </trkpt>
   <trkpt lat="39.95604" lon="3.2080200000000003">
    <ele>190.84</ele>
   </trkpt>
   <trkpt lat="39.95541" lon="3.2082400000000004">
    <ele>191.31</ele>
   </trkpt>
   <trkpt lat="39.95515" lon="3.2082400000000004">
    <ele>190.57000000000002</ele>
   </trkpt>
   <trkpt lat="39.955040000000004" lon="3.2082">
    <ele>190.57000000000002</ele>
   </trkpt>
   <trkpt lat="39.95459000019224" lon="3.207959998391439">
    <ele>189.33</ele>
   </trkpt>
   <trkpt lat="39.95414" lon="3.20772">
    <ele>188.06</ele>
   </trkpt>
   <trkpt lat="39.954040000000006" lon="3.20764">
    <ele>187.41000000000003</ele>
   </trkpt>
   <trkpt lat="39.953810000000004" lon="3.2073600000000004">
    <ele>185.86</ele>
   </trkpt>
   <trkpt lat="39.95375000000001" lon="3.20724">
    <ele>184.99</ele>
   </trkpt>
   <trkpt lat="39.953590000000005" lon="3.2062500000000003">
    <ele>180.65</ele>
   </trkpt>
   <trkpt lat="39.953590000000005" lon="3.2061200000000003">
    <ele>179.96</ele>
   </trkpt>
   <trkpt lat="39.95362" lon="3.2059800000000003">
    <ele>179.35</ele>
   </trkpt>
   <trkpt lat="39.953810000000004" lon="3.20554">
    <ele>175.65</ele>
   </trkpt>
   <trkpt lat="39.95398" lon="3.2048500000000004">
    <ele>173.03</ele>
   </trkpt>
   <trkpt lat="39.95407" lon="3.20459">
    <ele>173.21</ele>
   </trkpt>
   <trkpt lat="39.95434500100867" lon="3.2040650024457635">
    <ele>174.81000000000003</ele>
   </trkpt>
   <trkpt lat="39.954620000000006" lon="3.2035400000000003">
    <ele>176.97</ele>
   </trkpt>
   <trkpt lat="39.95469000000001" lon="3.20344">
    <ele>177.32</ele>
   </trkpt>
   <trkpt lat="39.95485" lon="3.2032700000000003">
    <ele>177.77</ele>
   </trkpt>
   <trkpt lat="39.95535" lon="3.20283">
    <ele>178.63</ele>
   </trkpt>
   <trkpt lat="39.95546" lon="3.2026700000000003">
    <ele>178.65</ele>
   </trkpt>
   <trkpt lat="39.95548" lon="3.20256">
    <ele>178.65</ele>
   </trkpt>
   <trkpt lat="39.95548" lon="3.2024100000000004">
    <ele>178.53000000000003</ele>
   </trkpt>
   <trkpt lat="39.955380000000005" lon="3.20176">
    <ele>178.96</ele>
   </trkpt>
   <trkpt lat="39.955380000000005" lon="3.2015800000000003">
    <ele>179.07</ele>
   </trkpt>
   <trkpt lat="39.955450000000006" lon="3.2012400000000003">
    <ele>179.35</ele>
   </trkpt>
   <trkpt lat="39.95544" lon="3.2011000000000003">
    <ele>179.65</ele>
   </trkpt>
   <trkpt lat="39.955400000000004" lon="3.2009800000000004">
    <ele>179.92000000000002</ele>
   </trkpt>
   <trkpt lat="39.95532" lon="3.2008900000000002">
    <ele>180.36</ele>
   </trkpt>
   <trkpt lat="39.95523" lon="3.2008600000000005">
    <ele>180.36</ele>
   </trkpt>
   <trkpt lat="39.95512" lon="3.2008900000000002">
    <ele>182.02</ele>
   </trkpt>
   <trkpt lat="39.954640000000005" lon="3.20129">
    <ele>186.98</ele>
   </trkpt>
   <trkpt lat="39.954550000000005" lon="3.20143">
    <ele>186.98</ele>
   </trkpt>
   <trkpt lat="39.95441" lon="3.2018400000000002">
    <ele>189.38000000000002</ele>
   </trkpt>
   <trkpt lat="39.954330000000006" lon="3.20196">
    <ele>191.52</ele>
   </trkpt>
   <trkpt lat="39.954280000000004" lon="3.2019900000000003">
    <ele>191.52</ele>
   </trkpt>
   <trkpt lat="39.95422000000001" lon="3.2020000000000004">
    <ele>191.52</ele>
   </trkpt>
   <trkpt lat="39.95403" lon="3.2019100000000003">
    <ele>193.92000000000002</ele>
   </trkpt>
   <trkpt lat="39.95396" lon="3.2019">
    <ele>193.92000000000002</ele>
   </trkpt>
   <trkpt lat="39.953900000000004" lon="3.2019100000000003">
    <ele>193.92000000000002</ele>
   </trkpt>
   <trkpt lat="39.95382" lon="3.2019800000000003">
    <ele>194.58</ele>
   </trkpt>
   <trkpt lat="39.95378" lon="3.20216">
    <ele>196.12</ele>
   </trkpt>
   <trkpt lat="39.95383" lon="3.2025500000000005">
    <ele>198.0</ele>
   </trkpt>
   <trkpt lat="39.95378" lon="3.2027300000000003">
    <ele>199.78</ele>
   </trkpt>
   <trkpt lat="39.95373" lon="3.20278">
    <ele>199.78</ele>
   </trkpt>
   <trkpt lat="39.953590000000005" lon="3.20283">
    <ele>203.61</ele>
   </trkpt>
   <trkpt lat="39.95353" lon="3.2028100000000004">
    <ele>203.61</ele>
   </trkpt>
   <trkpt lat="39.953480000000006" lon="3.20276">
    <ele>203.61</ele>
   </trkpt>
   <trkpt lat="39.953410000000005" lon="3.2026100000000004">
    <ele>204.42000000000002</ele>
   </trkpt>
   <trkpt lat="39.9534" lon="3.2017800000000003">
    <ele>209.35</ele>
   </trkpt>
   <trkpt lat="39.95338" lon="3.2015200000000004">
    <ele>211.52</ele>
   </trkpt>
   <trkpt lat="39.953320000000005" lon="3.2014000000000005">
    <ele>212.29</ele>
   </trkpt>
   <trkpt lat="39.95308" lon="3.2010500000000004">
    <ele>214.58</ele>
   </trkpt>
   <trkpt lat="39.95277" lon="3.2001100000000005">
    <ele>216.4</ele>
   </trkpt>
   <trkpt lat="39.952740000000006" lon="3.1998300000000004">
    <ele>216.84</ele>
   </trkpt>
   <trkpt lat="39.952780000000004" lon="3.1994800000000003">
    <ele>217.29000000000002</ele>
   </trkpt>
   <trkpt lat="39.95299" lon="3.1990900000000004">
    <ele>217.55</ele>
   </trkpt>
   <trkpt lat="39.95302" lon="3.1988900000000005">
    <ele>217.47000000000003</ele>
   </trkpt>
   <trkpt lat="39.95302" lon="3.1987500000000004">
    <ele>217.47000000000003</ele>
   </trkpt>
   <trkpt lat="39.95297" lon="3.1986100000000004">
    <ele>216.64000000000001</ele>
   </trkpt>
   <trkpt lat="39.952870000000004" lon="3.1984700000000004">
    <ele>216.64000000000001</ele>
   </trkpt>
   <trkpt lat="39.95284" lon="3.19844">
    <ele>216.60000000000002</ele>
   </trkpt>
   <trkpt lat="39.952760000000005" lon="3.1983800000000002">
    <ele>216.52</ele>
   </trkpt>
   <trkpt lat="39.95229000013791" lon="3.1983349997031514">
    <ele>217.32000000000002</ele>
   </trkpt>
   <trkpt lat="39.951820000000005" lon="3.19829">
    <ele>217.76</ele>
   </trkpt>
   <trkpt lat="39.951690000000006" lon="3.1982600000000003">
    <ele>218.15</ele>
   </trkpt>
   <trkpt lat="39.95158" lon="3.1982000000000004">
    <ele>218.25000000000003</ele>
   </trkpt>
   <trkpt lat="39.951510000000006" lon="3.1981300000000004">
    <ele>217.66000000000003</ele>
   </trkpt>
   <trkpt lat="39.95147" lon="3.1980500000000003">
    <ele>217.33</ele>
   </trkpt>
   <trkpt lat="39.951330000000006" lon="3.1974400000000003">
    <ele>213.52</ele>
   </trkpt>
   <trkpt lat="39.951280000000004" lon="3.1973100000000003">
    <ele>212.68</ele>
   </trkpt>
   <trkpt lat="39.95105" lon="3.19687">
    <ele>209.86</ele>
   </trkpt>
   <trkpt lat="39.95092" lon="3.19653">
    <ele>209.19</ele>
   </trkpt>
   <trkpt lat="39.95084000000001" lon="3.1961700000000004">
    <ele>207.45000000000002</ele>
   </trkpt>
   <trkpt lat="39.95074" lon="3.1954700000000003">
    <ele>204.11</ele>
   </trkpt>
   <trkpt lat="39.950750000000006" lon="3.1952100000000003">
    <ele>203.64000000000001</ele>
   </trkpt>
   <trkpt lat="39.950810000000004" lon="3.1950600000000002">
    <ele>203.21000000000004</ele>
   </trkpt>
   <trkpt lat="39.95089" lon="3.1949600000000005">
    <ele>202.41</ele>
   </trkpt>
   <trkpt lat="39.95132" lon="3.1947300000000003">
    <ele>200.47</ele>
   </trkpt>
   <trkpt lat="39.95138" lon="3.1946700000000003">
    <ele>200.20000000000002</ele>
   </trkpt>
   <trkpt lat="39.951420000000006" lon="3.1945500000000004">
    <ele>200.10000000000002</ele>
   </trkpt>
   <trkpt lat="39.95143" lon="3.19443">
    <ele>199.69</ele>
   </trkpt>
   <trkpt lat="39.95140000000001" lon="3.1943500000000005">
    <ele>199.69</ele>
   </trkpt>
   <trkpt lat="39.95111" lon="3.19388">
    <ele>198.15</ele>
   </trkpt>
   <trkpt lat="39.95107" lon="3.1937900000000004">
    <ele>197.78</ele>
   </trkpt>
   <trkpt lat="39.951060000000005" lon="3.1936400000000003">
    <ele>197.13000000000002</ele>
   </trkpt>
   <trkpt lat="39.95111" lon="3.1935300000000004">
    <ele>196.66000000000003</ele>
   </trkpt>
   <trkpt lat="39.951190000000004" lon="3.1934400000000003">
    <ele>196.14000000000001</ele>
   </trkpt>
   <trkpt lat="39.951480000000004" lon="3.1932300000000002">
    <ele>193.45000000000002</ele>
   </trkpt>
   <trkpt lat="39.95159" lon="3.19309">
    <ele>192.86</ele>
   </trkpt>
   <trkpt lat="39.951730000000005" lon="3.1928500000000004">
    <ele>191.38000000000002</ele>
   </trkpt>
   <trkpt lat="39.951820000000005" lon="3.19275">
    <ele>191.38000000000002</ele>
   </trkpt>
   <trkpt lat="39.95194" lon="3.1927000000000003">
    <ele>190.26000000000002</ele>
   </trkpt>
   <trkpt lat="39.95255" lon="3.1925700000000004">
    <ele>186.79000000000002</ele>
   </trkpt>
   <trkpt lat="39.95279" lon="3.1924400000000004">
    <ele>186.06</ele>
   </trkpt>
   <trkpt lat="39.95286" lon="3.1923600000000003">
    <ele>185.75000000000003</ele>
   </trkpt>
   <trkpt lat="39.95290000000001" lon="3.1922500000000005">
    <ele>185.23</ele>
   </trkpt>
   <trkpt lat="39.95290000000001" lon="3.1921700000000004">
    <ele>185.23</ele>
   </trkpt>
   <trkpt lat="39.95272000000001" lon="3.1917500000000003">
    <ele>183.49</ele>
   </trkpt>
   <trkpt lat="39.9527" lon="3.1916200000000003">
    <ele>183.49</ele>
   </trkpt>
   <trkpt lat="39.952740000000006" lon="3.19146">
    <ele>183.49</ele>
   </trkpt>
   <trkpt lat="39.953190000000006" lon="3.19063">
    <ele>180.13</ele>
   </trkpt>
   <trkpt lat="39.953480000000006" lon="3.1902100000000004">
    <ele>176.85</ele>
   </trkpt>
   <trkpt lat="39.954040000000006" lon="3.18969">
    <ele>175.06000000000003</ele>
   </trkpt>
   <trkpt lat="39.95409" lon="3.1896000000000004">
    <ele>175.01000000000002</ele>
   </trkpt>
   <trkpt lat="39.95411" lon="3.1895000000000002">
    <ele>175.01000000000002</ele>
   </trkpt>
   <trkpt lat="39.95409" lon="3.1893300000000004">
    <ele>175.15000000000003</ele>
   </trkpt>
   <trkpt lat="39.95405" lon="3.1892400000000003">
    <ele>175.33</ele>
   </trkpt>
   <trkpt lat="39.953970000000005" lon="3.18915">
    <ele>175.58</ele>
   </trkpt>
   <trkpt lat="39.953880000000005" lon="3.1891100000000003">
    <ele>176.1</ele>
   </trkpt>
   <trkpt lat="39.9532" lon="3.1889200000000004">
    <ele>180.24</ele>
   </trkpt>
   <trkpt lat="39.95311" lon="3.18887">
    <ele>180.73</ele>
   </trkpt>
   <trkpt lat="39.953030000000005" lon="3.18875">
    <ele>181.14000000000001</ele>
   </trkpt>
   <trkpt lat="39.953010000000006" lon="3.18866">
    <ele>181.47000000000003</ele>
   </trkpt>
   <trkpt lat="39.953010000000006" lon="3.1885600000000003">
    <ele>181.89000000000001</ele>
   </trkpt>
   <trkpt lat="39.95313" lon="3.1879100000000005">
    <ele>182.50000000000003</ele>
   </trkpt>
   <trkpt lat="39.95313" lon="3.1878300000000004">
    <ele>182.4</ele>
   </trkpt>
   <trkpt lat="39.95311" lon="3.18773">
    <ele>182.4</ele>
   </trkpt>
   <trkpt lat="39.952940000000005" lon="3.18745">
    <ele>182.47000000000003</ele>
   </trkpt>
   <trkpt lat="39.952870000000004" lon="3.1872700000000003">
    <ele>182.67000000000002</ele>
   </trkpt>
   <trkpt lat="39.952760000000005" lon="3.1864100000000004">
    <ele>182.49</ele>
   </trkpt>
   <trkpt lat="39.95272000000001" lon="3.18631">
    <ele>182.19000000000003</ele>
   </trkpt>
   <trkpt lat="39.95237" lon="3.1860800000000005">
    <ele>180.49</ele>
   </trkpt>
   <trkpt lat="39.952160000000006" lon="3.1858700000000004">
    <ele>179.06000000000003</ele>
   </trkpt>
   <trkpt lat="39.951980000000006" lon="3.1856400000000002">
    <ele>177.85</ele>
   </trkpt>
   <trkpt lat="39.9519" lon="3.1854600000000004">
    <ele>177.85</ele>
   </trkpt>
   <trkpt lat="39.951840000000004" lon="3.18495">
    <ele>175.78000000000003</ele>
   </trkpt>
   <trkpt lat="39.95181" lon="3.18487">
    <ele>175.78000000000003</ele>
   </trkpt>
   <trkpt lat="39.951370000000004" lon="3.18426">
    <ele>171.42000000000002</ele>
   </trkpt>
   <trkpt lat="39.95123" lon="3.1840300000000004">
    <ele>169.8</ele>
   </trkpt>
   <trkpt lat="39.95076" lon="3.18312">
    <ele>165.53</ele>
   </trkpt>
   <trkpt lat="39.950560002374324" lon="3.1823649975118333">
    <ele>161.21</ele>
   </trkpt>
   <trkpt lat="39.95036" lon="3.18161">
    <ele>156.27</ele>
   </trkpt>
   <trkpt lat="39.950160000000004" lon="3.1807100000000004">
    <ele>151.63000000000002</ele>
   </trkpt>
   <trkpt lat="39.949926672167095" lon="3.1799099945488196">
    <ele>148.32</ele>
   </trkpt>
   <trkpt lat="39.94969333883565" lon="3.1791099945553825">
    <ele>145.39000000000001</ele>
   </trkpt>
   <trkpt lat="39.94946" lon="3.17831">
    <ele>139.78</ele>
   </trkpt>
   <trkpt lat="39.94937" lon="3.1779300000000004">
    <ele>137.02</ele>
   </trkpt>
   <trkpt lat="39.94935" lon="3.1777900000000003">
    <ele>136.33</ele>
   </trkpt>
   <trkpt lat="39.949380000000005" lon="3.17755">
    <ele>135.35</ele>
   </trkpt>
   <trkpt lat="39.949490000000004" lon="3.1770500000000004">
    <ele>133.20000000000002</ele>
   </trkpt>
   <trkpt lat="39.94968" lon="3.1764500000000004">
    <ele>130.29999999999998</ele>
   </trkpt>
   <trkpt lat="39.94968" lon="3.1763200000000005">
    <ele>130.29999999999998</ele>
   </trkpt>
   <trkpt lat="39.949540001717686" lon="3.1756849986348503">
    <ele>126.35000000000001</ele>
   </trkpt>
   <trkpt lat="39.949400000000004" lon="3.17505">
    <ele>124.78000000000002</ele>
   </trkpt>
   <trkpt lat="39.949360000000006" lon="3.1749300000000003">
    <ele>124.32000000000001</ele>
   </trkpt>
   <trkpt lat="39.9491" lon="3.17436">
    <ele>121.24000000000001</ele>
   </trkpt>
   <trkpt lat="39.94886" lon="3.1736000000000004">
    <ele>118.26</ele>
   </trkpt>
   <trkpt lat="39.94883" lon="3.17343">
    <ele>117.55000000000001</ele>
   </trkpt>
   <trkpt lat="39.94883" lon="3.1732500000000003">
    <ele>116.33</ele>
   </trkpt>
   <trkpt lat="39.94894" lon="3.17246">
    <ele>111.50000000000001</ele>
   </trkpt>
   <trkpt lat="39.948930000000004" lon="3.1723800000000004">
    <ele>111.50000000000001</ele>
   </trkpt>
   <trkpt lat="39.94887000000001" lon="3.17227">
    <ele>111.50000000000001</ele>
   </trkpt>
   <trkpt lat="39.94827" lon="3.1719500000000003">
    <ele>103.83</ele>
   </trkpt>
   <trkpt lat="39.9482" lon="3.17187">
    <ele>102.83</ele>
   </trkpt>
   <trkpt lat="39.948170000000005" lon="3.1717600000000004">
    <ele>100.63000000000001</ele>
   </trkpt>
   <trkpt lat="39.94816" lon="3.1716200000000003">
    <ele>99.58</ele>
   </trkpt>
   <trkpt lat="39.948190000000004" lon="3.17151">
    <ele>98.57000000000001</ele>
   </trkpt>
   <trkpt lat="39.94825" lon="3.1714100000000003">
    <ele>97.64</ele>
   </trkpt>
   <trkpt lat="39.9483" lon="3.1713700000000005">
    <ele>97.64</ele>
   </trkpt>
   <trkpt lat="39.94843" lon="3.17132">
    <ele>96.02000000000001</ele>
   </trkpt>
   <trkpt lat="39.948750000000004" lon="3.17132">
    <ele>93.48</ele>
   </trkpt>
   <trkpt lat="39.94899" lon="3.1713000000000005">
    <ele>91.33000000000001</ele>
   </trkpt>
   <trkpt lat="39.94906" lon="3.1712300000000004">
    <ele>90.50000000000001</ele>
   </trkpt>
   <trkpt lat="39.949110000000005" lon="3.1711500000000004">
    <ele>90.50000000000001</ele>
   </trkpt>
   <trkpt lat="39.949220000000004" lon="3.1707400000000003">
    <ele>86.63000000000001</ele>
   </trkpt>
   <trkpt lat="39.94923" lon="3.1705900000000002">
    <ele>85.70000000000002</ele>
   </trkpt>
   <trkpt lat="39.94914" lon="3.16989">
    <ele>80.52000000000001</ele>
   </trkpt>
   <trkpt lat="39.949290000000005" lon="3.16901">
    <ele>79.55000000000001</ele>
   </trkpt>
   <trkpt lat="39.9493" lon="3.16882">
    <ele>80.09</ele>
   </trkpt>
   <trkpt lat="39.94926" lon="3.16834">
    <ele>80.78</ele>
   </trkpt>
   <trkpt lat="39.949090000000005" lon="3.16739">
    <ele>83.10000000000001</ele>
   </trkpt>
   <trkpt lat="39.94901000207437" lon="3.1666999994447678">
    <ele>85.71000000000001</ele>
   </trkpt>
   <trkpt lat="39.948930000000004" lon="3.1660100000000004">
    <ele>89.26</ele>
   </trkpt>
   <trkpt lat="39.948785001741705" lon="3.165369998564821">
    <ele>92.81</ele>
   </trkpt>
   <trkpt lat="39.948640000000005" lon="3.16473">
    <ele>95.29</ele>
   </trkpt>
   <trkpt lat="39.948495002454386" lon="3.163974998429592">
    <ele>97.53</ele>
   </trkpt>
   <trkpt lat="39.948350000000005" lon="3.1632200000000004">
    <ele>98.32000000000001</ele>
   </trkpt>
   <trkpt lat="39.94827" lon="3.1630900000000004">
    <ele>97.7</ele>
   </trkpt>
   <trkpt lat="39.94765" lon="3.1624100000000004">
    <ele>91.43</ele>
   </trkpt>
   <trkpt lat="39.947540000000004" lon="3.16223">
    <ele>90.97000000000001</ele>
   </trkpt>
   <trkpt lat="39.947520000000004" lon="3.1621400000000004">
    <ele>90.97000000000001</ele>
   </trkpt>
   <trkpt lat="39.947520000000004" lon="3.16197">
    <ele>89.62</ele>
   </trkpt>
   <trkpt lat="39.94767" lon="3.1609700000000003">
    <ele>87.22</ele>
   </trkpt>
   <trkpt lat="39.947680000000005" lon="3.1607200000000004">
    <ele>86.34000000000002</ele>
   </trkpt>
   <trkpt lat="39.94767" lon="3.16046">
    <ele>85.98</ele>
   </trkpt>
   <trkpt lat="39.9476" lon="3.1602400000000004">
    <ele>85.0</ele>
   </trkpt>
   <trkpt lat="39.947090014354494" lon="3.1593259727453176">
    <ele>81.82000000000001</ele>
   </trkpt>
   <trkpt lat="39.94658002153158" lon="3.1584119591183555">
    <ele>76.54</ele>
   </trkpt>
   <trkpt lat="39.94607002153148" lon="3.1574979591188543">
    <ele>74.51</ele>
   </trkpt>
   <trkpt lat="39.945560014354434" lon="3.1565839727465583">
    <ele>73.92</ele>
   </trkpt>
   <trkpt lat="39.94505" lon="3.15567">
    <ele>74.7</ele>
   </trkpt>
   <trkpt lat="39.94452803293754" lon="3.154746936624675">
    <ele>73.52</ele>
   </trkpt>
   <trkpt lat="39.94400605855515" lon="3.1538238873338416">
    <ele>70.60000000000001</ele>
   </trkpt>
   <trkpt lat="39.94348407685311" lon="3.152900852127222">
    <ele>68.8</ele>
   </trkpt>
   <trkpt lat="39.94296208783164" lon="3.1519778310045377">
    <ele>68.07000000000001</ele>
   </trkpt>
   <trkpt lat="39.94244009149098" lon="3.151054823965512">
    <ele>67.36</ele>
   </trkpt>
   <trkpt lat="39.94191808783142" lon="3.1501318310098654">
    <ele>64.47</ele>
   </trkpt>
   <trkpt lat="39.94139607685316" lon="3.14920885213732">
    <ele>60.190000000000005</ele>
   </trkpt>
   <trkpt lat="39.94087405855647" lon="3.148285887347598">
    <ele>59.31</ele>
   </trkpt>
   <trkpt lat="39.94035203294159" lon="3.1473629366404223">
    <ele>58.78</ele>
   </trkpt>
   <trkpt lat="39.93983" lon="3.14644">
    <ele>57.52</ele>
   </trkpt>
   <trkpt lat="39.93941333788734" lon="3.145709991067889">
    <ele>56.11000000000001</ele>
   </trkpt>
   <trkpt lat="39.93899667119654" lon="3.144979991025741">
    <ele>57.220000000000006</ele>
   </trkpt>
   <trkpt lat="39.93858" lon="3.1442500000000004">
    <ele>55.95</ele>
   </trkpt>
   <trkpt lat="39.93831" lon="3.1439000000000004">
    <ele>53.64000000000001</ele>
   </trkpt>
   <trkpt lat="39.93770600626716" lon="3.1432959786754524">
    <ele>47.68000000000001</ele>
   </trkpt>
   <trkpt lat="39.93710200940011" lon="3.1426919680130303">
    <ele>44.36</ele>
   </trkpt>
   <trkpt lat="39.93649800939896" lon="3.142087968012372">
    <ele>43.120000000000005</ele>
   </trkpt>
   <trkpt lat="39.935894006263865" lon="3.141483978673117">
    <ele>42.97</ele>
   </trkpt>
   <trkpt lat="39.93529" lon="3.14088">
    <ele>40.07</ele>
   </trkpt>
   <trkpt lat="39.93516" lon="3.14068">
    <ele>39.66</ele>
   </trkpt>
   <trkpt lat="39.93491" lon="3.1399600000000003">
    <ele>37.77</ele>
   </trkpt>
   <trkpt lat="39.93475" lon="3.1396200000000003">
    <ele>37.43000000000001</ele>
   </trkpt>
   <trkpt lat="39.93433667093762" lon="3.1389133247654666">
    <ele>36.14000000000001</ele>
   </trkpt>
   <trkpt lat="39.93392333758525" lon="3.1382066580663612">
    <ele>29.560000000000002</ele>
   </trkpt>
   <trkpt lat="39.933510000000005" lon="3.1375">
    <ele>25.550000000000004</ele>
   </trkpt>
   <trkpt lat="39.93347" lon="3.1373900000000003">
    <ele>24.630000000000003</ele>
   </trkpt>
   <trkpt lat="39.93345" lon="3.1372600000000004">
    <ele>24.040000000000003</ele>
   </trkpt>
   <trkpt lat="39.933420000000005" lon="3.1362200000000002">
    <ele>20.91</ele>
   </trkpt>
   <trkpt lat="39.93338000000001" lon="3.1359800000000004">
    <ele>19.930000000000003</ele>
   </trkpt>
   <trkpt lat="39.93328" lon="3.1358">
    <ele>19.46</ele>
   </trkpt>
   <trkpt lat="39.93318" lon="3.1356800000000002">
    <ele>18.94</ele>
   </trkpt>
   <trkpt lat="39.93298" lon="3.1355500000000003">
    <ele>18.01</ele>
   </trkpt>
   <trkpt lat="39.932560000293485" lon="3.1353349987293035">
    <ele>16.19</ele>
   </trkpt>
   <trkpt lat="39.932140000000004" lon="3.13512">
    <ele>13.49</ele>
   </trkpt>
   <trkpt lat="39.93159" lon="3.13486">
    <ele>11.73</ele>
   </trkpt>
   <trkpt lat="39.93102000069561" lon="3.134494997039549">
    <ele>9.290000000000001</ele>
   </trkpt>
   <trkpt lat="39.93045" lon="3.1341300000000003">
    <ele>8.040000000000001</ele>
   </trkpt>
   <trkpt lat="39.93029000000001" lon="3.1340700000000004">
    <ele>7.69</ele>
   </trkpt>
   <trkpt lat="39.929819999886725" lon="3.1339599992060574">
    <ele>7.280000000000001</ele>
   </trkpt>
   <trkpt lat="39.92935000000001" lon="3.1338500000000002">
    <ele>6.9</ele>
   </trkpt>
   <trkpt lat="39.929280000000006" lon="3.13382">
    <ele>6.9</ele>
   </trkpt>
   <trkpt lat="39.929170000000006" lon="3.13371">
    <ele>7.050000000000001</ele>
   </trkpt>
   <trkpt lat="39.929140000000004" lon="3.13364">
    <ele>7.050000000000001</ele>
   </trkpt>
   <trkpt lat="39.92913" lon="3.1334500000000003">
    <ele>7.050000000000001</ele>
   </trkpt>
   <trkpt lat="39.929370000000006" lon="3.13255">
    <ele>10.16</ele>
   </trkpt>
   <trkpt lat="39.9296050043258" lon="3.1315400037067205">
    <ele>15.31</ele>
   </trkpt>
   <trkpt lat="39.929840000000006" lon="3.1305300000000003">
    <ele>20.39</ele>
   </trkpt>
   <trkpt lat="39.92992" lon="3.1303500000000004">
    <ele>22.22</ele>
   </trkpt>
   <trkpt lat="39.930040000000005" lon="3.1302200000000004">
    <ele>23.23</ele>
   </trkpt>
   <trkpt lat="39.93053500074096" lon="3.129835002703">
    <ele>26.03</ele>
   </trkpt>
   <trkpt lat="39.93103" lon="3.1294500000000003">
    <ele>29.43</ele>
   </trkpt>
   <trkpt lat="39.93131" lon="3.1292600000000004">
    <ele>31.160000000000004</ele>
   </trkpt>
   <trkpt lat="39.93139" lon="3.1292500000000003">
    <ele>31.790000000000006</ele>
   </trkpt>
   <trkpt lat="39.93148" lon="3.12928">
    <ele>32.46</ele>
   </trkpt>
   <trkpt lat="39.93195" lon="3.12957">
    <ele>35.35</ele>
   </trkpt>
   <trkpt lat="39.93247" lon="3.1301200000000002">
    <ele>42.47</ele>
   </trkpt>
   <trkpt lat="39.932860000000005" lon="3.1306700000000003">
    <ele>46.650000000000006</ele>
   </trkpt>
   <trkpt lat="39.932950000000005" lon="3.1307600000000004">
    <ele>48.35</ele>
   </trkpt>
   <trkpt lat="39.93303" lon="3.1308000000000002">
    <ele>49.150000000000006</ele>
   </trkpt>
   <trkpt lat="39.93309" lon="3.13078">
    <ele>49.150000000000006</ele>
   </trkpt>
   <trkpt lat="39.93312" lon="3.1307">
    <ele>49.53</ele>
   </trkpt>
   <trkpt lat="39.9331" lon="3.1306300000000005">
    <ele>49.53</ele>
   </trkpt>
   <trkpt lat="39.93296" lon="3.13051">
    <ele>50.42000000000001</ele>
   </trkpt>
   <trkpt lat="39.93285" lon="3.1303500000000004">
    <ele>51.550000000000004</ele>
   </trkpt>
   <trkpt lat="39.93249" lon="3.1295100000000002">
    <ele>56.830000000000005</ele>
   </trkpt>
   <trkpt lat="39.932170000000006" lon="3.12894">
    <ele>60.45</ele>
   </trkpt>
   <trkpt lat="39.932140000000004" lon="3.1288600000000004">
    <ele>61.49</ele>
   </trkpt>
   <trkpt lat="39.932140000000004" lon="3.1287200000000004">
    <ele>61.49</ele>
   </trkpt>
   <trkpt lat="39.93231" lon="3.1278">
    <ele>67.27000000000001</ele>
   </trkpt>
   <trkpt lat="39.9326" lon="3.12732">
    <ele>71.2</ele>
   </trkpt>
   <trkpt lat="39.93309" lon="3.12672">
    <ele>76.42</ele>
   </trkpt>
   <trkpt lat="39.9335" lon="3.12597">
    <ele>81.75</ele>
   </trkpt>
   <trkpt lat="39.93363" lon="3.12563">
    <ele>84.02000000000001</ele>
   </trkpt>
   <trkpt lat="39.933620000000005" lon="3.1255">
    <ele>84.45</ele>
   </trkpt>
   <trkpt lat="39.93356" lon="3.12536">
    <ele>84.76</ele>
   </trkpt>
   <trkpt lat="39.93347" lon="3.12529">
    <ele>85.18</ele>
   </trkpt>
   <trkpt lat="39.93338000000001" lon="3.1252600000000004">
    <ele>85.53</ele>
   </trkpt>
   <trkpt lat="39.93269" lon="3.12522">
    <ele>88.62</ele>
   </trkpt>
   <trkpt lat="39.932460000000006" lon="3.1251800000000003">
    <ele>92.12</ele>
   </trkpt>
   <trkpt lat="39.93226000000001" lon="3.12508">
    <ele>92.12</ele>
   </trkpt>
   <trkpt lat="39.932170000000006" lon="3.1249900000000004">
    <ele>95.31</ele>
   </trkpt>
   <trkpt lat="39.93204" lon="3.1247100000000003">
    <ele>96.42</ele>
   </trkpt>
   <trkpt lat="39.93197" lon="3.1244500000000004">
    <ele>99.83</ele>
   </trkpt>
   <trkpt lat="39.931760000000004" lon="3.12332">
    <ele>106.21000000000001</ele>
   </trkpt>
   <trkpt lat="39.93173" lon="3.1232300000000004">
    <ele>106.21000000000001</ele>
   </trkpt>
   <trkpt lat="39.931670000000004" lon="3.1231500000000003">
    <ele>107.26</ele>
   </trkpt>
   <trkpt lat="39.93157" lon="3.1230700000000002">
    <ele>107.84</ele>
   </trkpt>
   <trkpt lat="39.93146" lon="3.12304">
    <ele>108.33000000000001</ele>
   </trkpt>
   <trkpt lat="39.93108" lon="3.1231500000000003">
    <ele>110.89</ele>
   </trkpt>
   <trkpt lat="39.930800000000005" lon="3.1230700000000002">
    <ele>113.66000000000001</ele>
   </trkpt>
   <trkpt lat="39.93074" lon="3.1230800000000003">
    <ele>113.66000000000001</ele>
   </trkpt>
   <trkpt lat="39.930690000000006" lon="3.12312">
    <ele>113.66000000000001</ele>
   </trkpt>
   <trkpt lat="39.930620000000005" lon="3.1232400000000005">
    <ele>114.07000000000001</ele>
   </trkpt>
   <trkpt lat="39.930400000000006" lon="3.12406">
    <ele>118.13000000000001</ele>
   </trkpt>
   <trkpt lat="39.93037" lon="3.1242400000000004">
    <ele>119.61</ele>
   </trkpt>
   <trkpt lat="39.93039" lon="3.12462">
    <ele>122.35000000000001</ele>
   </trkpt>
   <trkpt lat="39.930350000000004" lon="3.1247300000000005">
    <ele>123.19000000000001</ele>
   </trkpt>
   <trkpt lat="39.93032" lon="3.12475">
    <ele>123.87</ele>
   </trkpt>
   <trkpt lat="39.93028" lon="3.1247300000000005">
    <ele>123.87</ele>
   </trkpt>
   <trkpt lat="39.930240000000005" lon="3.12468">
    <ele>124.50000000000001</ele>
   </trkpt>
   <trkpt lat="39.930220000000006" lon="3.1245800000000004">
    <ele>124.79</ele>
   </trkpt>
   <trkpt lat="39.93029000000001" lon="3.12379">
    <ele>128.53</ele>
   </trkpt>
   <trkpt lat="39.930260000000004" lon="3.1230800000000003">
    <ele>131.68</ele>
   </trkpt>
   <trkpt lat="39.93029000000001" lon="3.1228800000000003">
    <ele>132.26000000000002</ele>
   </trkpt>
   <trkpt lat="39.930350000000004" lon="3.1227600000000004">
    <ele>132.26000000000002</ele>
   </trkpt>
   <trkpt lat="39.930710000000005" lon="3.1223600000000005">
    <ele>136.13</ele>
   </trkpt>
   <trkpt lat="39.93077" lon="3.12231">
    <ele>136.83</ele>
   </trkpt>
   <trkpt lat="39.931050000000006" lon="3.12216">
    <ele>138.72</ele>
   </trkpt>
   <trkpt lat="39.93108" lon="3.12211">
    <ele>138.72</ele>
   </trkpt>
   <trkpt lat="39.9311" lon="3.1219900000000003">
    <ele>141.65</ele>
   </trkpt>
   <trkpt lat="39.93106" lon="3.1218800000000004">
    <ele>141.65</ele>
   </trkpt>
   <trkpt lat="39.9309" lon="3.1217500000000005">
    <ele>141.65</ele>
   </trkpt>
   <trkpt lat="39.930690000000006" lon="3.1216500000000003">
    <ele>144.79</ele>
   </trkpt>
   <trkpt lat="39.930620000000005" lon="3.1215800000000002">
    <ele>144.79</ele>
   </trkpt>
   <trkpt lat="39.93059" lon="3.1215100000000002">
    <ele>146.62</ele>
   </trkpt>
   <trkpt lat="39.93056" lon="3.1212500000000003">
    <ele>147.84</ele>
   </trkpt>
   <trkpt lat="39.93065" lon="3.12103">
    <ele>148.73</ele>
   </trkpt>
   <trkpt lat="39.93066" lon="3.12083">
    <ele>150.58</ele>
   </trkpt>
   <trkpt lat="39.930640000000004" lon="3.1206600000000004">
    <ele>151.84</ele>
   </trkpt>
   <trkpt lat="39.930510000000005" lon="3.1202900000000002">
    <ele>154.43</ele>
   </trkpt>
   <trkpt lat="39.93047000000001" lon="3.1199700000000004">
    <ele>156.94000000000003</ele>
   </trkpt>
   <trkpt lat="39.93036" lon="3.11967">
    <ele>157.79000000000002</ele>
   </trkpt>
   <trkpt lat="39.93032" lon="3.11852">
    <ele>158.01000000000002</ele>
   </trkpt>
   <trkpt lat="39.93034" lon="3.1182600000000003">
    <ele>157.82000000000002</ele>
   </trkpt>
   <trkpt lat="39.93048" lon="3.1178800000000004">
    <ele>157.73000000000002</ele>
   </trkpt>
   <trkpt lat="39.930550000000004" lon="3.11763">
    <ele>157.21</ele>
   </trkpt>
   <trkpt lat="39.930640000000004" lon="3.1170500000000003">
    <ele>157.23000000000002</ele>
   </trkpt>
   <trkpt lat="39.930640000000004" lon="3.11681">
    <ele>157.53</ele>
   </trkpt>
   <trkpt lat="39.93043" lon="3.11613">
    <ele>160.34</ele>
   </trkpt>
   <trkpt lat="39.93041" lon="3.1158900000000003">
    <ele>161.93</ele>
   </trkpt>
   <trkpt lat="39.93043" lon="3.1156200000000003">
    <ele>163.8</ele>
   </trkpt>
   <trkpt lat="39.93039" lon="3.11546">
    <ele>164.51000000000002</ele>
   </trkpt>
   <trkpt lat="39.93018" lon="3.1151000000000004">
    <ele>166.68</ele>
   </trkpt>
   <trkpt lat="39.929880000000004" lon="3.11479">
    <ele>169.6</ele>
   </trkpt>
   <trkpt lat="39.929590000000005" lon="3.11459">
    <ele>172.46</ele>
   </trkpt>
   <trkpt lat="39.929520000000004" lon="3.1144600000000002">
    <ele>173.13</ele>
   </trkpt>
   <trkpt lat="39.929520000000004" lon="3.1141500000000004">
    <ele>175.17000000000002</ele>
   </trkpt>
   <trkpt lat="39.92938" lon="3.1137200000000003">
    <ele>178.03000000000003</ele>
   </trkpt>
   <trkpt lat="39.929370000000006" lon="3.1136500000000003">
    <ele>178.03000000000003</ele>
   </trkpt>
   <trkpt lat="39.9294" lon="3.1132700000000004">
    <ele>179.67000000000002</ele>
   </trkpt>
   <trkpt lat="39.92935500206923" lon="3.112574999459229">
    <ele>183.44000000000003</ele>
   </trkpt>
   <trkpt lat="39.92931" lon="3.11188">
    <ele>187.72000000000003</ele>
   </trkpt>
   <trkpt lat="39.929280000000006" lon="3.1118">
    <ele>188.51000000000002</ele>
   </trkpt>
   <trkpt lat="39.92925" lon="3.1117700000000004">
    <ele>188.51000000000002</ele>
   </trkpt>
   <trkpt lat="39.929190000000006" lon="3.1117600000000003">
    <ele>188.87</ele>
   </trkpt>
   <trkpt lat="39.92915" lon="3.1117800000000004">
    <ele>188.87</ele>
   </trkpt>
   <trkpt lat="39.929100000000005" lon="3.11186">
    <ele>189.24</ele>
   </trkpt>
   <trkpt lat="39.92909" lon="3.11195">
    <ele>189.24</ele>
   </trkpt>
   <trkpt lat="39.92913" lon="3.11247">
    <ele>190.62</ele>
   </trkpt>
   <trkpt lat="39.92922" lon="3.1129200000000004">
    <ele>192.64000000000001</ele>
   </trkpt>
   <trkpt lat="39.929210000000005" lon="3.1129800000000003">
    <ele>193.92000000000002</ele>
   </trkpt>
   <trkpt lat="39.92916" lon="3.11301">
    <ele>193.92000000000002</ele>
   </trkpt>
   <trkpt lat="39.929120000000005" lon="3.1130000000000004">
    <ele>194.32000000000002</ele>
   </trkpt>
   <trkpt lat="39.92909" lon="3.11296">
    <ele>194.69000000000003</ele>
   </trkpt>
   <trkpt lat="39.92893" lon="3.1122500000000004">
    <ele>198.70000000000002</ele>
   </trkpt>
   <trkpt lat="39.928790000000006" lon="3.1118200000000003">
    <ele>200.75</ele>
   </trkpt>
   <trkpt lat="39.928700000000006" lon="3.11138">
    <ele>203.5</ele>
   </trkpt>
   <trkpt lat="39.928700000000006" lon="3.11119">
    <ele>204.07000000000002</ele>
   </trkpt>
   <trkpt lat="39.92887" lon="3.11085">
    <ele>205.62000000000003</ele>
   </trkpt>
   <trkpt lat="39.92887" lon="3.1106800000000003">
    <ele>205.5</ele>
   </trkpt>
   <trkpt lat="39.928700000000006" lon="3.1103300000000003">
    <ele>204.48000000000002</ele>
   </trkpt>
   <trkpt lat="39.92857" lon="3.1101">
    <ele>201.83</ele>
   </trkpt>
   <trkpt lat="39.92851" lon="3.11004">
    <ele>201.83</ele>
   </trkpt>
   <trkpt lat="39.928430000000006" lon="3.1100200000000005">
    <ele>201.10000000000002</ele>
   </trkpt>
   <trkpt lat="39.9281" lon="3.1100100000000004">
    <ele>198.84</ele>
   </trkpt>
   <trkpt lat="39.92804" lon="3.1099900000000003">
    <ele>198.84</ele>
   </trkpt>
   <trkpt lat="39.92728" lon="3.1096500000000002">
    <ele>191.81</ele>
   </trkpt>
   <trkpt lat="39.927170000000004" lon="3.10962">
    <ele>191.23000000000002</ele>
   </trkpt>
   <trkpt lat="39.927080000000004" lon="3.10964">
    <ele>191.23000000000002</ele>
   </trkpt>
   <trkpt lat="39.926930000000006" lon="3.1097300000000003">
    <ele>189.91000000000003</ele>
   </trkpt>
   <trkpt lat="39.926860000000005" lon="3.1097500000000005">
    <ele>189.27</ele>
   </trkpt>
   <trkpt lat="39.92681" lon="3.1097400000000004">
    <ele>188.52</ele>
   </trkpt>
   <trkpt lat="39.92676" lon="3.1097">
    <ele>188.52</ele>
   </trkpt>
   <trkpt lat="39.92658" lon="3.1094700000000004">
    <ele>185.29000000000002</ele>
   </trkpt>
   <trkpt lat="39.92643" lon="3.10936">
    <ele>184.53000000000003</ele>
   </trkpt>
   <trkpt lat="39.926320000000004" lon="3.1093400000000004">
    <ele>183.82</ele>
   </trkpt>
   <trkpt lat="39.925920000000005" lon="3.1093400000000004">
    <ele>180.95000000000002</ele>
   </trkpt>
   <trkpt lat="39.925850000000004" lon="3.10929">
    <ele>180.95000000000002</ele>
   </trkpt>
   <trkpt lat="39.9258" lon="3.10922">
    <ele>180.27</ele>
   </trkpt>
   <trkpt lat="39.925630000000005" lon="3.1088400000000003">
    <ele>178.16</ele>
   </trkpt>
   <trkpt lat="39.925540000000005" lon="3.10867">
    <ele>176.01000000000002</ele>
   </trkpt>
   <trkpt lat="39.92546" lon="3.10856">
    <ele>176.01000000000002</ele>
   </trkpt>
   <trkpt lat="39.9254" lon="3.1085100000000003">
    <ele>174.17000000000002</ele>
   </trkpt>
   <trkpt lat="39.92533" lon="3.10849">
    <ele>174.17000000000002</ele>
   </trkpt>
   <trkpt lat="39.92524" lon="3.10847">
    <ele>173.11</ele>
   </trkpt>
   <trkpt lat="39.92504" lon="3.10848">
    <ele>172.48000000000002</ele>
   </trkpt>
   <trkpt lat="39.924960000000006" lon="3.1084600000000004">
    <ele>171.35</ele>
   </trkpt>
   <trkpt lat="39.924890000000005" lon="3.10841">
    <ele>170.75</ele>
   </trkpt>
   <trkpt lat="39.92484" lon="3.10833">
    <ele>170.08</ele>
   </trkpt>
   <trkpt lat="39.92455" lon="3.1076500000000005">
    <ele>163.93</ele>
   </trkpt>
   <trkpt lat="39.92443" lon="3.1075100000000004">
    <ele>163.93</ele>
   </trkpt>
   <trkpt lat="39.924350000000004" lon="3.10747">
    <ele>163.93</ele>
   </trkpt>
   <trkpt lat="39.92427" lon="3.1074800000000002">
    <ele>161.41000000000003</ele>
   </trkpt>
   <trkpt lat="39.92371" lon="3.1077700000000004">
    <ele>158.24</ele>
   </trkpt>
   <trkpt lat="39.92358" lon="3.10781">
    <ele>157.03</ele>
   </trkpt>
   <trkpt lat="39.92347" lon="3.10781">
    <ele>156.24</ele>
   </trkpt>
   <trkpt lat="39.92298" lon="3.1077000000000004">
    <ele>153.14000000000001</ele>
   </trkpt>
   <trkpt lat="39.922200000000004" lon="3.10734">
    <ele>145.82</ele>
   </trkpt>
   <trkpt lat="39.921760000000006" lon="3.10726">
    <ele>143.07</ele>
   </trkpt>
   <trkpt lat="39.92157" lon="3.1072100000000002">
    <ele>141.48000000000002</ele>
   </trkpt>
   <trkpt lat="39.921150000000004" lon="3.10705">
    <ele>137.96</ele>
   </trkpt>
   <trkpt lat="39.92098" lon="3.1070200000000003">
    <ele>136.94</ele>
   </trkpt>
   <trkpt lat="39.920375000041936" lon="3.107004999868486">
    <ele>130.65</ele>
   </trkpt>
   <trkpt lat="39.91977" lon="3.10699">
    <ele>125.97</ele>
   </trkpt>
   <trkpt lat="39.91962" lon="3.1069600000000004">
    <ele>124.75000000000001</ele>
   </trkpt>
   <trkpt lat="39.919450000000005" lon="3.1068800000000003">
    <ele>122.61000000000001</ele>
   </trkpt>
   <trkpt lat="39.91881" lon="3.1064700000000003">
    <ele>118.57000000000001</ele>
   </trkpt>
   <trkpt lat="39.918490000000006" lon="3.1063">
    <ele>115.94000000000001</ele>
   </trkpt>
   <trkpt lat="39.917840000000005" lon="3.1058200000000005">
    <ele>108.75000000000001</ele>
   </trkpt>
   <trkpt lat="39.91749" lon="3.1056500000000002">
    <ele>107.2</ele>
   </trkpt>
   <trkpt lat="39.917300000000004" lon="3.10562">
    <ele>107.2</ele>
   </trkpt>
   <trkpt lat="39.91722" lon="3.1056500000000002">
    <ele>103.68</ele>
   </trkpt>
   <trkpt lat="39.91716" lon="3.1057200000000003">
    <ele>103.68</ele>
   </trkpt>
   <trkpt lat="39.917120000000004" lon="3.1058000000000003">
    <ele>103.68</ele>
   </trkpt>
   <trkpt lat="39.917100000000005" lon="3.10591">
    <ele>103.68</ele>
   </trkpt>
   <trkpt lat="39.91715000000001" lon="3.10631">
    <ele>101.48000000000002</ele>
   </trkpt>
   <trkpt lat="39.91724000000001" lon="3.1067400000000003">
    <ele>99.16000000000001</ele>
   </trkpt>
   <trkpt lat="39.91723" lon="3.1069400000000003">
    <ele>97.91000000000001</ele>
   </trkpt>
   <trkpt lat="39.917190000000005" lon="3.1070200000000003">
    <ele>97.91000000000001</ele>
   </trkpt>
   <trkpt lat="39.916870000681755" lon="3.1074400020620527">
    <ele>93.81</ele>
   </trkpt>
   <trkpt lat="39.91655" lon="3.10786">
    <ele>91.34</ele>
   </trkpt>
   <trkpt lat="39.916470000000004" lon="3.1079200000000005">
    <ele>91.34</ele>
   </trkpt>
   <trkpt lat="39.916340000000005" lon="3.10794">
    <ele>90.76</ele>
   </trkpt>
   <trkpt lat="39.91628" lon="3.1079200000000005">
    <ele>90.27</ele>
   </trkpt>
   <trkpt lat="39.91621000000001" lon="3.10786">
    <ele>88.71000000000001</ele>
   </trkpt>
   <trkpt lat="39.915850000000006" lon="3.1073800000000005">
    <ele>83.99000000000001</ele>
   </trkpt>
   <trkpt lat="39.915400001074836" lon="3.10687499665893">
    <ele>81.57000000000001</ele>
   </trkpt>
   <trkpt lat="39.914950000000005" lon="3.10637">
    <ele>76.05000000000001</ele>
   </trkpt>
   <trkpt lat="39.914530000000006" lon="3.1058000000000003">
    <ele>70.91</ele>
   </trkpt>
   <trkpt lat="39.91414500037567" lon="3.1054599979821065">
    <ele>68.24000000000001</ele>
   </trkpt>
   <trkpt lat="39.91376" lon="3.1051200000000003">
    <ele>65.9</ele>
   </trkpt>
   <trkpt lat="39.91358" lon="3.1050000000000004">
    <ele>64.37</ele>
   </trkpt>
   <trkpt lat="39.913360000000004" lon="3.1049300000000004">
    <ele>61.77</ele>
   </trkpt>
   <trkpt lat="39.91315" lon="3.10489">
    <ele>61.77</ele>
   </trkpt>
   <trkpt lat="39.91302" lon="3.10483">
    <ele>60.18</ele>
   </trkpt>
   <trkpt lat="39.912690000000005" lon="3.10456">
    <ele>58.14</ele>
   </trkpt>
   <trkpt lat="39.9125" lon="3.1044500000000004">
    <ele>54.93000000000001</ele>
   </trkpt>
   <trkpt lat="39.91227000000001" lon="3.1043900000000004">
    <ele>53.120000000000005</ele>
   </trkpt>
   <trkpt lat="39.91161" lon="3.10435">
    <ele>48.63</ele>
   </trkpt>
   <trkpt lat="39.911550000000005" lon="3.1043200000000004">
    <ele>48.63</ele>
   </trkpt>
   <trkpt lat="39.91152" lon="3.1042600000000005">
    <ele>48.63</ele>
   </trkpt>
   <trkpt lat="39.91151" lon="3.1042">
    <ele>48.11000000000001</ele>
   </trkpt>
   <trkpt lat="39.91154" lon="3.1041200000000004">
    <ele>47.870000000000005</ele>
   </trkpt>
   <trkpt lat="39.9116" lon="3.1040900000000002">
    <ele>47.870000000000005</ele>
   </trkpt>
   <trkpt lat="39.912240000000004" lon="3.10406">
    <ele>44.6</ele>
   </trkpt>
   <trkpt lat="39.9125" lon="3.1040900000000002">
    <ele>44.160000000000004</ele>
   </trkpt>
   <trkpt lat="39.91323666695593" lon="3.104279995907565">
    <ele>41.38</ele>
   </trkpt>
   <trkpt lat="39.9139733336018" lon="3.104469995902133">
    <ele>37.28</ele>
   </trkpt>
   <trkpt lat="39.91471000000001" lon="3.1046600000000004">
    <ele>33.86</ele>
   </trkpt>
   <trkpt lat="39.91478" lon="3.1046500000000004">
    <ele>33.150000000000006</ele>
   </trkpt>
   <trkpt lat="39.914840000000005" lon="3.10461">
    <ele>32.75</ele>
   </trkpt>
   <trkpt lat="39.914880000000004" lon="3.10455">
    <ele>31.880000000000006</ele>
   </trkpt>
   <trkpt lat="39.9149" lon="3.1043900000000004">
    <ele>31.880000000000006</ele>
   </trkpt>
   <trkpt lat="39.914820000000006" lon="3.1042600000000005">
    <ele>28.57</ele>
   </trkpt>
   <trkpt lat="39.91407000240669" lon="3.1037333218159526">
    <ele>23.32</ele>
   </trkpt>
   <trkpt lat="39.91332000243078" lon="3.1032066551664084">
    <ele>18.26</ele>
   </trkpt>
   <trkpt lat="39.91257" lon="3.1026800000000003">
    <ele>13.48</ele>
   </trkpt>
   <trkpt lat="39.91248" lon="3.1026000000000002">
    <ele>12.92</ele>
   </trkpt>
   <trkpt lat="39.91237" lon="3.10246">
    <ele>12.41</ele>
   </trkpt>
   <trkpt lat="39.9123" lon="3.1023">
    <ele>11.99</ele>
   </trkpt>
   <trkpt lat="39.91226" lon="3.10211">
    <ele>11.66</ele>
   </trkpt>
   <trkpt lat="39.91225" lon="3.1019300000000003">
    <ele>11.370000000000001</ele>
   </trkpt>
   <trkpt lat="39.91232" lon="3.1015200000000003">
    <ele>11.330000000000002</ele>
   </trkpt>
   <trkpt lat="39.91248500221735" lon="3.10080000177382">
    <ele>11.32</ele>
   </trkpt>
   <trkpt lat="39.912650000000006" lon="3.10008">
    <ele>11.66</ele>
   </trkpt>
   <trkpt lat="39.912780000000005" lon="3.0998400000000004">
    <ele>11.99</ele>
   </trkpt>
   <trkpt lat="39.912940000000006" lon="3.09967">
    <ele>12.17</ele>
   </trkpt>
   <trkpt lat="39.91297" lon="3.0995800000000004">
    <ele>12.14</ele>
   </trkpt>
   <trkpt lat="39.91297" lon="3.09933">
    <ele>11.81</ele>
   </trkpt>
   <trkpt lat="39.913220010326725" lon="3.0982333413548226">
    <ele>11.55</ele>
   </trkpt>
   <trkpt lat="39.913470010323195" lon="3.097136674703809">
    <ele>11.48</ele>
   </trkpt>
   <trkpt lat="39.913720000000005" lon="3.0960400000000003">
    <ele>11.370000000000001</ele>
   </trkpt>
   <trkpt lat="39.91382" lon="3.0953800000000005">
    <ele>11.23</ele>
   </trkpt>
   <trkpt lat="39.91387" lon="3.0946900000000004">
    <ele>10.68</ele>
   </trkpt>
   <trkpt lat="39.91386000000001" lon="3.09397">
    <ele>10.26</ele>
   </trkpt>
   <trkpt lat="39.91379667750394" lon="3.0928466645610206">
    <ele>11.56</ele>
   </trkpt>
   <trkpt lat="39.913733344169" lon="3.091723331199335">
    <ele>13.930000000000001</ele>
   </trkpt>
   <trkpt lat="39.91367" lon="3.0906000000000002">
    <ele>14.71</ele>
   </trkpt>
   <trkpt lat="39.91363667230256" lon="3.0897899992200193">
    <ele>13.750000000000002</ele>
   </trkpt>
   <trkpt lat="39.913603338969565" lon="3.088979999228387">
    <ele>12.780000000000001</ele>
   </trkpt>
   <trkpt lat="39.91357" lon="3.0881700000000003">
    <ele>12.92</ele>
   </trkpt>
   <trkpt lat="39.9135250015239" lon="3.0875749996547968">
    <ele>13.110000000000001</ele>
   </trkpt>
   <trkpt lat="39.91348" lon="3.08698">
    <ele>12.870000000000001</ele>
   </trkpt>
   <trkpt lat="39.913340000000005" lon="3.08624">
    <ele>11.71</ele>
   </trkpt>
   <trkpt lat="39.91306" lon="3.0852500000000003">
    <ele>10.75</ele>
   </trkpt>
   <trkpt lat="39.912780000000005" lon="3.08456">
    <ele>10.8</ele>
   </trkpt>
   <trkpt lat="39.91281" lon="3.0842300000000002">
    <ele>10.93</ele>
   </trkpt>
   <trkpt lat="39.91277" lon="3.08408">
    <ele>10.93</ele>
   </trkpt>
   <trkpt lat="39.91272" lon="3.0839900000000005">
    <ele>10.88</ele>
   </trkpt>
   <trkpt lat="39.91263" lon="3.0839100000000004">
    <ele>10.820000000000002</ele>
   </trkpt>
   <trkpt lat="39.912530000000004" lon="3.0838900000000002">
    <ele>10.68</ele>
   </trkpt>
   <trkpt lat="39.91248" lon="3.08386">
    <ele>10.66</ele>
   </trkpt>
   <trkpt lat="39.912000000000006" lon="3.0829000000000004">
    <ele>9.860000000000001</ele>
   </trkpt>
   <trkpt lat="39.91161" lon="3.0822000000000003">
    <ele>10.200000000000001</ele>
   </trkpt>
   <trkpt lat="39.91108000289016" lon="3.081389993843367">
    <ele>10.39</ele>
   </trkpt>
   <trkpt lat="39.91055" lon="3.0805800000000003">
    <ele>9.73</ele>
   </trkpt>
   <trkpt lat="39.91023000074073" lon="3.080159998015857">
    <ele>9.4</ele>
   </trkpt>
   <trkpt lat="39.90991" lon="3.07974">
    <ele>9.11</ele>
   </trkpt>
   <trkpt lat="39.909530000000004" lon="3.0793000000000004">
    <ele>8.700000000000001</ele>
   </trkpt>
   <trkpt lat="39.90943" lon="3.0791600000000003">
    <ele>8.31</ele>
   </trkpt>
   <trkpt lat="39.909290000000006" lon="3.07865">
    <ele>8.23</ele>
   </trkpt>
   <trkpt lat="39.90925" lon="3.0785700000000005">
    <ele>8.23</ele>
   </trkpt>
   <trkpt lat="39.90919" lon="3.07852">
    <ele>8.219999999999999</ele>
   </trkpt>
   <trkpt lat="39.909130000000005" lon="3.0784900000000004">
    <ele>8.219999999999999</ele>
   </trkpt>
   <trkpt lat="39.90905" lon="3.0784900000000004">
    <ele>8.120000000000001</ele>
   </trkpt>
   <trkpt lat="39.90899" lon="3.07852">
    <ele>8.040000000000001</ele>
   </trkpt>
   <trkpt lat="39.908820000000006" lon="3.07853">
    <ele>7.670000000000001</ele>
   </trkpt>
   <trkpt lat="39.908640000000005" lon="3.07844">
    <ele>7.46</ele>
   </trkpt>
   <trkpt lat="39.908100000000005" lon="3.07792">
    <ele>6.29</ele>
   </trkpt>
   <trkpt lat="39.90766500055485" lon="3.0775449975765223">
    <ele>5.800000000000001</ele>
   </trkpt>
   <trkpt lat="39.907230000000006" lon="3.07717">
    <ele>4.91</ele>
   </trkpt>
   <trkpt lat="39.906510001145065" lon="3.0766399943848395">
    <ele>4.42</ele>
   </trkpt>
   <trkpt lat="39.90579" lon="3.0761100000000003">
    <ele>4.2</ele>
   </trkpt>
   <trkpt lat="39.90536000066666" lon="3.0758049982752382">
    <ele>3.69</ele>
   </trkpt>
   <trkpt lat="39.90493" lon="3.0755000000000003">
    <ele>4.2700000000000005</ele>
   </trkpt>
   <trkpt lat="39.904860000000006" lon="3.0754300000000003">
    <ele>4.2700000000000005</ele>
   </trkpt>
   <trkpt lat="39.904810000000005" lon="3.07533">
    <ele>4.410000000000001</ele>
   </trkpt>
   <trkpt lat="39.904770000000006" lon="3.0752">
    <ele>4.44</ele>
   </trkpt>
   <trkpt lat="39.904700000000005" lon="3.0750300000000004">
    <ele>4.57</ele>
   </trkpt>
   <trkpt lat="39.904590000000006" lon="3.07493">
    <ele>4.57</ele>
   </trkpt>
   <trkpt lat="39.9044" lon="3.0748200000000003">
    <ele>4.66</ele>
   </trkpt>
   <trkpt lat="39.90433" lon="3.07472">
    <ele>4.66</ele>
   </trkpt>
   <trkpt lat="39.90426" lon="3.0745700000000005">
    <ele>4.7700000000000005</ele>
   </trkpt>
   <trkpt lat="39.90401000000001" lon="3.0737500000000004">
    <ele>4.930000000000001</ele>
   </trkpt>
   <trkpt lat="39.90406" lon="3.0737300000000003">
    <ele>4.930000000000001</ele>
   </trkpt>
   <trkpt lat="39.903757512617645" lon="3.072739986856668">
    <ele>5.2700000000000005</ele>
   </trkpt>
   <trkpt lat="39.90345501681714" lon="3.0717499824549424">
    <ele>6.11</ele>
   </trkpt>
   <trkpt lat="39.90315251259863" lon="3.0707599867948967">
    <ele>6.470000000000001</ele>
   </trkpt>
   <trkpt lat="39.90285" lon="3.06977">
    <ele>7.34</ele>
   </trkpt>
   <trkpt lat="39.902840000000005" lon="3.0692100000000004">
    <ele>7.5200000000000005</ele>
   </trkpt>
   <trkpt lat="39.902820000000006" lon="3.06915">
    <ele>7.580000000000001</ele>
   </trkpt>
   <trkpt lat="39.90278" lon="3.0691100000000002">
    <ele>7.580000000000001</ele>
   </trkpt>
   <trkpt lat="39.902660000000004" lon="3.06904">
    <ele>7.72</ele>
   </trkpt>
   <trkpt lat="39.902620000000006" lon="3.0689900000000003">
    <ele>7.72</ele>
   </trkpt>
   <trkpt lat="39.90231803903797" lon="3.067984960136068">
    <ele>8.23</ele>
   </trkpt>
   <trkpt lat="39.90201606940037" lon="3.0669799291305333">
    <ele>8.83</ele>
   </trkpt>
   <trkpt lat="39.90171409108738" lon="3.065974906983478">
    <ele>9.24</ele>
   </trkpt>
   <trkpt lat="39.90141210409916" lon="3.064969893694983">
    <ele>9.89</ele>
   </trkpt>
   <trkpt lat="39.90111010843587" lon="3.0639648892651308">
    <ele>10.870000000000001</ele>
   </trkpt>
   <trkpt lat="39.9008081040977" lon="3.0629598936940017">
    <ele>11.290000000000001</ele>
   </trkpt>
   <trkpt lat="39.9005060910848" lon="3.0619549069816783">
    <ele>12.040000000000001</ele>
   </trkpt>
   <trkpt lat="39.90020406939737" lon="3.0609499291282414">
    <ele>13.040000000000001</ele>
   </trkpt>
   <trkpt lat="39.89990203903554" lon="3.0599449601337736">
    <ele>13.83</ele>
   </trkpt>
   <trkpt lat="39.89960000000001" lon="3.05894">
    <ele>14.5</ele>
   </trkpt>
   <trkpt lat="39.89940500205307" lon="3.058259998299875">
    <ele>15.05</ele>
   </trkpt>
   <trkpt lat="39.899210000000004" lon="3.05758">
    <ele>15.170000000000002</ele>
   </trkpt>
   <trkpt lat="39.89904000000001" lon="3.0570700000000004">
    <ele>15.72</ele>
   </trkpt>
   <trkpt lat="39.89873892401257" lon="3.056058853350835">
    <ele>16.650000000000002</ele>
   </trkpt>
   <trkpt lat="39.898437839244004" lon="3.055047715586648">
    <ele>17.03</ele>
   </trkpt>
   <trkpt lat="39.89813674569449" lon="3.0540365867075234">
    <ele>17.8</ele>
   </trkpt>
   <trkpt lat="39.89783564336422" lon="3.053025466713549">
    <ele>18.500000000000004</ele>
   </trkpt>
   <trkpt lat="39.897534532253324" lon="3.0520143556048107">
    <ele>19.180000000000003</ele>
   </trkpt>
   <trkpt lat="39.897233412362006" lon="3.0510032533813938">
    <ele>20.330000000000002</ele>
   </trkpt>
   <trkpt lat="39.89693228369042" lon="3.0499921600433852">
    <ele>21.130000000000003</ele>
   </trkpt>
   <trkpt lat="39.89663114623873" lon="3.048981075590871">
    <ele>21.61</ele>
   </trkpt>
   <trkpt lat="39.896330000000006" lon="3.0479700000000003">
    <ele>22.430000000000003</ele>
   </trkpt>
   <trkpt lat="39.89609333785717" lon="3.047243328279922">
    <ele>23.13</ele>
   </trkpt>
   <trkpt lat="39.89585667117916" lon="3.0465166615785355">
    <ele>23.919999999999998</ele>
   </trkpt>
   <trkpt lat="39.89562" lon="3.04579">
    <ele>24.970000000000002</ele>
   </trkpt>
   <trkpt lat="39.89528145281173" lon="3.04481997124228">
    <ele>26.480000000000004</ele>
   </trkpt>
   <trkpt lat="39.894942897542165" lon="3.043849952067862">
    <ele>28.090000000000003</ele>
   </trkpt>
   <trkpt lat="39.894604334191484" lon="3.042879942476767">
    <ele>29.060000000000002</ele>
   </trkpt>
   <trkpt lat="39.894265762759865" lon="3.0419099424690135">
    <ele>29.820000000000004</ele>
   </trkpt>
   <trkpt lat="39.89392718324749" lon="3.0409399520446194">
    <ele>30.310000000000002</ele>
   </trkpt>
   <trkpt lat="39.89358859565452" lon="3.0399699712036057">
    <ele>30.53</ele>
   </trkpt>
   <trkpt lat="39.89325" lon="3.039">
    <ele>30.340000000000003</ele>
   </trkpt>
   <trkpt lat="39.892980003152935" lon="3.0381349964001556">
    <ele>30.680000000000003</ele>
   </trkpt>
   <trkpt lat="39.89271" lon="3.0372700000000004">
    <ele>31.330000000000002</ele>
   </trkpt>
   <trkpt lat="39.892720000000004" lon="3.03711">
    <ele>31.330000000000002</ele>
   </trkpt>
   <trkpt lat="39.892770000000006" lon="3.03696">
    <ele>31.650000000000002</ele>
   </trkpt>
   <trkpt lat="39.892900000000004" lon="3.0368500000000003">
    <ele>31.830000000000002</ele>
   </trkpt>
   <trkpt lat="39.893240000000006" lon="3.0365100000000003">
    <ele>31.86</ele>
   </trkpt>
   <trkpt lat="39.89364500047499" lon="3.036170002027017">
    <ele>31.64</ele>
   </trkpt>
   <trkpt lat="39.89405" lon="3.0358300000000003">
    <ele>31.5</ele>
   </trkpt>
   <trkpt lat="39.89467500126589" lon="3.03525500538503">
    <ele>31.26</ele>
   </trkpt>
   <trkpt lat="39.895300000000006" lon="3.0346800000000003">
    <ele>31.03</ele>
   </trkpt>
   <trkpt lat="39.895770000587625" lon="3.0343000026322122">
    <ele>31.040000000000003</ele>
   </trkpt>
   <trkpt lat="39.896240000000006" lon="3.03392">
    <ele>30.78</ele>
   </trkpt>
   <trkpt lat="39.89636" lon="3.03384">
    <ele>30.71</ele>
   </trkpt>
   <trkpt lat="39.896710000000006" lon="3.03372">
    <ele>30.140000000000004</ele>
   </trkpt>
   <trkpt lat="39.89697" lon="3.0337300000000003">
    <ele>29.67</ele>
   </trkpt>
   <trkpt lat="39.897440000170214" lon="3.0339149987403826">
    <ele>29.210000000000004</ele>
   </trkpt>
   <trkpt lat="39.89791" lon="3.0341000000000005">
    <ele>29.19</ele>
   </trkpt>
   <trkpt lat="39.898355000065365" lon="3.03429499869084">
    <ele>28.400000000000002</ele>
   </trkpt>
   <trkpt lat="39.8988" lon="3.0344900000000004">
    <ele>29.01</ele>
   </trkpt>
   <trkpt lat="39.899060000000006" lon="3.0345500000000003">
    <ele>29.51</ele>
   </trkpt>
   <trkpt lat="39.899350000000005" lon="3.0345600000000004">
    <ele>30.860000000000003</ele>
   </trkpt>
   <trkpt lat="39.89949" lon="3.03459">
    <ele>31.67</ele>
   </trkpt>
   <trkpt lat="39.899620000000006" lon="3.03466">
    <ele>32.080000000000005</ele>
   </trkpt>
   <trkpt lat="39.899800000000006" lon="3.0348">
    <ele>32.52</ele>
   </trkpt>
   <trkpt lat="39.900040000000004" lon="3.03506">
    <ele>32.5</ele>
   </trkpt>
   <trkpt lat="39.900490000000005" lon="3.0356400000000003">
    <ele>31.85</ele>
   </trkpt>
   <trkpt lat="39.900800000708834" lon="3.0360699979364787">
    <ele>31.94</ele>
   </trkpt>
   <trkpt lat="39.90111" lon="3.0365">
    <ele>32.59</ele>
   </trkpt>
   <trkpt lat="39.901210000000006" lon="3.0366000000000004">
    <ele>32.900000000000006</ele>
   </trkpt>
   <trkpt lat="39.901360000000004" lon="3.0367100000000002">
    <ele>34.14</ele>
   </trkpt>
   <trkpt lat="39.90151" lon="3.03677">
    <ele>34.5</ele>
   </trkpt>
   <trkpt lat="39.90178" lon="3.0367900000000003">
    <ele>34.77</ele>
   </trkpt>
   <trkpt lat="39.902240000000006" lon="3.03662">
    <ele>34.17</ele>
   </trkpt>
   <trkpt lat="39.90236" lon="3.0365900000000003">
    <ele>34.07</ele>
   </trkpt>
   <trkpt lat="39.90265" lon="3.03661">
    <ele>33.89</ele>
   </trkpt>
   <trkpt lat="39.903139999994764" lon="3.036759998896096">
    <ele>32.61</ele>
   </trkpt>
   <trkpt lat="39.90363000000001" lon="3.03691">
    <ele>30.37</ele>
   </trkpt>
   <trkpt lat="39.903830000000006" lon="3.0370100000000004">
    <ele>28.96</ele>
   </trkpt>
   <trkpt lat="39.90399" lon="3.0371200000000003">
    <ele>28.5</ele>
   </trkpt>
   <trkpt lat="39.90428" lon="3.0373900000000003">
    <ele>27.410000000000004</ele>
   </trkpt>
   <trkpt lat="39.90448000000001" lon="3.0376000000000003">
    <ele>27.15</ele>
   </trkpt>
   <trkpt lat="39.904610000000005" lon="3.0377">
    <ele>26.79</ele>
   </trkpt>
   <trkpt lat="39.90482" lon="3.0378000000000003">
    <ele>25.87</ele>
   </trkpt>
   <trkpt lat="39.90493" lon="3.0378200000000004">
    <ele>25.87</ele>
   </trkpt>
   <trkpt lat="39.90523" lon="3.0378200000000004">
    <ele>23.950000000000003</ele>
   </trkpt>
   <trkpt lat="39.905370000000005" lon="3.0378000000000003">
    <ele>23.430000000000003</ele>
   </trkpt>
   <trkpt lat="39.9059" lon="3.0375900000000002">
    <ele>22.37</ele>
   </trkpt>
   <trkpt lat="39.906000000000006" lon="3.03757">
    <ele>22.230000000000004</ele>
   </trkpt>
   <trkpt lat="39.90616" lon="3.03758">
    <ele>21.740000000000002</ele>
   </trkpt>
   <trkpt lat="39.90655" lon="3.0378600000000002">
    <ele>21.14</ele>
   </trkpt>
   <trkpt lat="39.9067" lon="3.0379500000000004">
    <ele>20.810000000000002</ele>
   </trkpt>
   <trkpt lat="39.90693" lon="3.03806">
    <ele>20.740000000000002</ele>
   </trkpt>
   <trkpt lat="39.90762" lon="3.0382900000000004">
    <ele>20.310000000000002</ele>
   </trkpt>
   <trkpt lat="39.908190000000005" lon="3.0385700000000004">
    <ele>20.110000000000003</ele>
   </trkpt>
   <trkpt lat="39.90861" lon="3.0388300000000004">
    <ele>20.09</ele>
   </trkpt>
   <trkpt lat="39.909060000000004" lon="3.0392">
    <ele>20.05</ele>
   </trkpt>
   <trkpt lat="39.90945000000001" lon="3.0394900000000002">
    <ele>20.150000000000002</ele>
   </trkpt>
   <trkpt lat="39.910160000000005" lon="3.0397700000000003">
    <ele>20.450000000000003</ele>
   </trkpt>
   <trkpt lat="39.91057" lon="3.0399900000000004">
    <ele>20.650000000000002</ele>
   </trkpt>
   <trkpt lat="39.91122" lon="3.0404000000000004">
    <ele>20.270000000000003</ele>
   </trkpt>
   <trkpt lat="39.91172" lon="3.04062">
    <ele>20.23</ele>
   </trkpt>
   <trkpt lat="39.911950000000004" lon="3.04075">
    <ele>20.23</ele>
   </trkpt>
   <trkpt lat="39.912090000000006" lon="3.04089">
    <ele>20.23</ele>
   </trkpt>
   <trkpt lat="39.912240000000004" lon="3.0411200000000003">
    <ele>20.03</ele>
   </trkpt>
   <trkpt lat="39.91251500095925" lon="3.0416049979628714">
    <ele>20.0</ele>
   </trkpt>
   <trkpt lat="39.91279" lon="3.0420900000000004">
    <ele>20.32</ele>
   </trkpt>
   <trkpt lat="39.91324000302918" lon="3.042924994578559">
    <ele>21.16</ele>
   </trkpt>
   <trkpt lat="39.91369" lon="3.0437600000000002">
    <ele>23.040000000000003</ele>
   </trkpt>
   <trkpt lat="39.914010000000005" lon="3.0441700000000003">
    <ele>25.26</ele>
   </trkpt>
   <trkpt lat="39.914500001240036" lon="3.0447149960612663">
    <ele>26.72</ele>
   </trkpt>
   <trkpt lat="39.91499" lon="3.0452600000000003">
    <ele>26.76</ele>
   </trkpt>
   <trkpt lat="39.915200000000006" lon="3.04556">
    <ele>26.950000000000003</ele>
   </trkpt>
   <trkpt lat="39.91534" lon="3.04579">
    <ele>27.05</ele>
   </trkpt>
   <trkpt lat="39.915420000000005" lon="3.04604">
    <ele>27.05</ele>
   </trkpt>
   <trkpt lat="39.915575001418006" lon="3.0466099987932025">
    <ele>27.470000000000002</ele>
   </trkpt>
   <trkpt lat="39.91573" lon="3.0471800000000004">
    <ele>28.23</ele>
   </trkpt>
   <trkpt lat="39.9160866714189" lon="3.047926658813016">
    <ele>32.06</ele>
   </trkpt>
   <trkpt lat="39.91644333804907" lon="3.0486733254031493">
    <ele>35.28000000000001</ele>
   </trkpt>
   <trkpt lat="39.9168" lon="3.0494200000000005">
    <ele>36.75000000000001</ele>
   </trkpt>
   <trkpt lat="39.91723" lon="3.0504300000000004">
    <ele>36.89000000000001</ele>
   </trkpt>
   <trkpt lat="39.91762000000001" lon="3.05099">
    <ele>36.65</ele>
   </trkpt>
   <trkpt lat="39.91798500054205" lon="3.05135499802445">
    <ele>35.440000000000005</ele>
   </trkpt>
   <trkpt lat="39.918350000000004" lon="3.0517200000000004">
    <ele>34.79</ele>
   </trkpt>
   <trkpt lat="39.918855001226525" lon="3.052259995990113">
    <ele>31.790000000000006</ele>
   </trkpt>
   <trkpt lat="39.919360000000005" lon="3.0528000000000004">
    <ele>28.220000000000002</ele>
   </trkpt>
   <trkpt lat="39.91992500129333" lon="3.053344995520215">
    <ele>23.44</ele>
   </trkpt>
   <trkpt lat="39.92049" lon="3.0538900000000004">
    <ele>19.98</ele>
   </trkpt>
   <trkpt lat="39.920480000000005" lon="3.0538800000000004">
    <ele>20.05</ele>
   </trkpt>
   <trkpt lat="39.92074" lon="3.05412">
    <ele>18.27</ele>
   </trkpt>
   <trkpt lat="39.92053000000001" lon="3.05494">
    <ele>18.09</ele>
   </trkpt>
   <trkpt lat="39.920350000000006" lon="3.0555200000000005">
    <ele>19.15</ele>
   </trkpt>
   <trkpt lat="39.919810000000005" lon="3.05588">
    <ele>21.44</ele>
   </trkpt>
   <trkpt lat="39.92014" lon="3.0564000000000004">
    <ele>20.86</ele>
   </trkpt>
   <trkpt lat="39.920390000000005" lon="3.0567100000000003">
    <ele>20.560000000000002</ele>
   </trkpt>
   <trkpt lat="39.92069" lon="3.0570000000000004">
    <ele>20.720000000000002</ele>
   </trkpt>
   <trkpt lat="39.920790000000004" lon="3.0571900000000003">
    <ele>20.830000000000002</ele>
   </trkpt>
   <trkpt lat="39.92089" lon="3.0574500000000002">
    <ele>20.950000000000003</ele>
   </trkpt>
   <trkpt lat="39.92103" lon="3.05765">
    <ele>21.07</ele>
   </trkpt>
   <trkpt lat="39.921440000000004" lon="3.0581600000000004">
    <ele>20.6</ele>
   </trkpt>
   <trkpt lat="39.9215" lon="3.0582000000000003">
    <ele>20.16</ele>
   </trkpt>
   <trkpt lat="39.92168" lon="3.05824">
    <ele>18.680000000000003</ele>
   </trkpt>
   <trkpt lat="39.921710000000004" lon="3.05826">
    <ele>18.14</ele>
   </trkpt>
   <trkpt lat="39.921710000000004" lon="3.05838">
    <ele>17.550000000000004</ele>
   </trkpt>
   <trkpt lat="39.92166" lon="3.05845">
    <ele>15.080000000000002</ele>
   </trkpt>
   <trkpt lat="39.921580000000006" lon="3.0584900000000004">
    <ele>15.080000000000002</ele>
   </trkpt>
   <trkpt lat="39.921440000000004" lon="3.0585000000000004">
    <ele>13.0</ele>
   </trkpt>
   <trkpt lat="39.921290000000006" lon="3.0584700000000002">
    <ele>10.75</ele>
   </trkpt>
   <trkpt lat="39.92108" lon="3.05839">
    <ele>8.43</ele>
   </trkpt>
   <trkpt lat="39.920930000000006" lon="3.0582800000000003">
    <ele>6.430000000000001</ele>
   </trkpt>
   <trkpt lat="39.92089" lon="3.0582200000000004">
    <ele>6.2</ele>
   </trkpt>
   <trkpt lat="39.9203125075854" lon="3.0574524805757473">
    <ele>5.08</ele>
   </trkpt>
   <trkpt lat="39.919735010110756" lon="3.0566849740972626">
    <ele>7.010000000000001</ele>
   </trkpt>
   <trkpt lat="39.91915750757623" lon="3.0559174805641747">
    <ele>8.84</ele>
   </trkpt>
   <trkpt lat="39.918580000000006" lon="3.0551500000000003">
    <ele>11.09</ele>
   </trkpt>
   <trkpt lat="39.918150002703044" lon="3.054589992979526">
    <ele>12.49</ele>
   </trkpt>
   <trkpt lat="39.91772000271232" lon="3.054029992991693">
    <ele>14.040000000000001</ele>
   </trkpt>
   <trkpt lat="39.91729" lon="3.0534700000000004">
    <ele>17.26</ele>
   </trkpt>
   <trkpt lat="39.916920000000005" lon="3.05303">
    <ele>20.630000000000003</ele>
   </trkpt>
   <trkpt lat="39.916880000000006" lon="3.05269">
    <ele>23.860000000000003</ele>
   </trkpt>
   <trkpt lat="39.91693" lon="3.05262">
    <ele>23.860000000000003</ele>
   </trkpt>
   <trkpt lat="39.91691" lon="3.0525300000000004">
    <ele>23.860000000000003</ele>
   </trkpt>
   <trkpt lat="39.91698" lon="3.05242">
    <ele>24.360000000000003</ele>
   </trkpt>
   <trkpt lat="39.91714" lon="3.0518">
    <ele>29.580000000000002</ele>
   </trkpt>
   <trkpt lat="39.91727" lon="3.05147">
    <ele>33.52</ele>
   </trkpt>
   <trkpt lat="39.917260000000006" lon="3.0512500000000005">
    <ele>34.5</ele>
   </trkpt>
   <trkpt lat="39.917100000000005" lon="3.05106">
    <ele>36.34</ele>
   </trkpt>
   <trkpt lat="39.9174" lon="3.0507000000000004">
    <ele>37.160000000000004</ele>
   </trkpt>
   <trkpt lat="39.91723" lon="3.0504300000000004">
    <ele>36.89000000000001</ele>
   </trkpt>
   <trkpt lat="39.9168" lon="3.0494200000000005">
    <ele>36.58</ele>
   </trkpt>
   <trkpt lat="39.91644333815869" lon="3.048673325632672">
    <ele>33.690000000000005</ele>
   </trkpt>
   <trkpt lat="39.91608667152855" lon="3.047926659042536">
    <ele>31.360000000000007</ele>
   </trkpt>
   <trkpt lat="39.91573" lon="3.0471800000000004">
    <ele>27.6</ele>
   </trkpt>
   <trkpt lat="39.91557500137275" lon="3.046609998626751">
    <ele>27.290000000000003</ele>
   </trkpt>
   <trkpt lat="39.915420000000005" lon="3.04604">
    <ele>27.05</ele>
   </trkpt>
   <trkpt lat="39.91534" lon="3.04579">
    <ele>27.03</ele>
   </trkpt>
   <trkpt lat="39.915200000000006" lon="3.04556">
    <ele>26.900000000000002</ele>
   </trkpt>
   <trkpt lat="39.91499" lon="3.0452600000000003">
    <ele>26.76</ele>
   </trkpt>
   <trkpt lat="39.91450000131126" lon="3.0447149961404865">
    <ele>26.64</ele>
   </trkpt>
   <trkpt lat="39.914010000000005" lon="3.0441700000000003">
    <ele>24.860000000000003</ele>
   </trkpt>
   <trkpt lat="39.91369" lon="3.0437600000000002">
    <ele>22.7</ele>
   </trkpt>
   <trkpt lat="39.91324000295961" lon="3.0429249944494883">
    <ele>21.16</ele>
   </trkpt>
   <trkpt lat="39.91279" lon="3.0420900000000004">
    <ele>20.09</ele>
   </trkpt>
   <trkpt lat="39.912515001061195" lon="3.041604998142661">
    <ele>19.98</ele>
   </trkpt>
   <trkpt lat="39.912240000000004" lon="3.0411200000000003">
    <ele>20.03</ele>
   </trkpt>
   <trkpt lat="39.912090000000006" lon="3.04089">
    <ele>20.23</ele>
   </trkpt>
   <trkpt lat="39.911950000000004" lon="3.04075">
    <ele>20.23</ele>
   </trkpt>
   <trkpt lat="39.91172" lon="3.04062">
    <ele>20.220000000000002</ele>
   </trkpt>
   <trkpt lat="39.91122" lon="3.0404000000000004">
    <ele>20.270000000000003</ele>
   </trkpt>
   <trkpt lat="39.91057" lon="3.0399900000000004">
    <ele>20.69</ele>
   </trkpt>
   <trkpt lat="39.910160000000005" lon="3.0397700000000003">
    <ele>20.450000000000003</ele>
   </trkpt>
   <trkpt lat="39.90945000000001" lon="3.0394900000000002">
    <ele>20.150000000000002</ele>
   </trkpt>
   <trkpt lat="39.909060000000004" lon="3.0392">
    <ele>20.07</ele>
   </trkpt>
   <trkpt lat="39.90861" lon="3.0388300000000004">
    <ele>20.12</ele>
   </trkpt>
   <trkpt lat="39.908190000000005" lon="3.0385700000000004">
    <ele>20.110000000000003</ele>
   </trkpt>
   <trkpt lat="39.90762" lon="3.0382900000000004">
    <ele>20.37</ele>
   </trkpt>
   <trkpt lat="39.90693" lon="3.03806">
    <ele>20.810000000000002</ele>
   </trkpt>
   <trkpt lat="39.9067" lon="3.0379500000000004">
    <ele>21.14</ele>
   </trkpt>
   <trkpt lat="39.90655" lon="3.0378600000000002">
    <ele>21.26</ele>
   </trkpt>
   <trkpt lat="39.90616" lon="3.03758">
    <ele>22.230000000000004</ele>
   </trkpt>
   <trkpt lat="39.906000000000006" lon="3.03757">
    <ele>22.37</ele>
   </trkpt>
   <trkpt lat="39.9059" lon="3.0375900000000002">
    <ele>22.55</ele>
   </trkpt>
   <trkpt lat="39.905370000000005" lon="3.0378000000000003">
    <ele>23.950000000000003</ele>
   </trkpt>
   <trkpt lat="39.90523" lon="3.0378200000000004">
    <ele>24.690000000000005</ele>
   </trkpt>
   <trkpt lat="39.90493" lon="3.0378200000000004">
    <ele>25.87</ele>
   </trkpt>
   <trkpt lat="39.90482" lon="3.0378000000000003">
    <ele>26.36</ele>
   </trkpt>
   <trkpt lat="39.904610000000005" lon="3.0377">
    <ele>27.15</ele>
   </trkpt>
   <trkpt lat="39.90448000000001" lon="3.0376000000000003">
    <ele>27.410000000000004</ele>
   </trkpt>
   <trkpt lat="39.90428" lon="3.0373900000000003">
    <ele>27.680000000000003</ele>
   </trkpt>
   <trkpt lat="39.90399" lon="3.0371200000000003">
    <ele>28.96</ele>
   </trkpt>
   <trkpt lat="39.903830000000006" lon="3.0370100000000004">
    <ele>29.710000000000004</ele>
   </trkpt>
   <trkpt lat="39.90363000000001" lon="3.03691">
    <ele>31.1</ele>
   </trkpt>
   <trkpt lat="39.90314000019849" lon="3.0367599989584617">
    <ele>33.300000000000004</ele>
   </trkpt>
   <trkpt lat="39.90265" lon="3.03661">
    <ele>33.97</ele>
   </trkpt>
   <trkpt lat="39.90236" lon="3.0365900000000003">
    <ele>34.17</ele>
   </trkpt>
   <trkpt lat="39.902240000000006" lon="3.03662">
    <ele>34.46</ele>
   </trkpt>
   <trkpt lat="39.90178" lon="3.0367900000000003">
    <ele>34.760000000000005</ele>
   </trkpt>
   <trkpt lat="39.90151" lon="3.03677">
    <ele>34.14</ele>
   </trkpt>
   <trkpt lat="39.901360000000004" lon="3.0367100000000002">
    <ele>33.080000000000005</ele>
   </trkpt>
   <trkpt lat="39.901210000000006" lon="3.0366000000000004">
    <ele>32.59</ele>
   </trkpt>
   <trkpt lat="39.90111" lon="3.0365">
    <ele>32.449999999999996</ele>
   </trkpt>
   <trkpt lat="39.90080000087926" lon="3.036069998172859">
    <ele>31.85</ele>
   </trkpt>
   <trkpt lat="39.900490000000005" lon="3.0356400000000003">
    <ele>32.150000000000006</ele>
   </trkpt>
   <trkpt lat="39.900040000000004" lon="3.03506">
    <ele>32.56</ele>
   </trkpt>
   <trkpt lat="39.899800000000006" lon="3.0348">
    <ele>32.29</ele>
   </trkpt>
   <trkpt lat="39.899620000000006" lon="3.03466">
    <ele>31.67</ele>
   </trkpt>
   <trkpt lat="39.89949" lon="3.03459">
    <ele>30.860000000000003</ele>
   </trkpt>
   <trkpt lat="39.899350000000005" lon="3.0345600000000004">
    <ele>30.860000000000003</ele>
   </trkpt>
   <trkpt lat="39.899060000000006" lon="3.0345500000000003">
    <ele>29.51</ele>
   </trkpt>
   <trkpt lat="39.8988" lon="3.0344900000000004">
    <ele>28.560000000000002</ele>
   </trkpt>
   <trkpt lat="39.898355000261205" lon="3.0342949987766565">
    <ele>28.57</ele>
   </trkpt>
   <trkpt lat="39.89791" lon="3.0341000000000005">
    <ele>29.19</ele>
   </trkpt>
   <trkpt lat="39.89744000012374" lon="3.033914998722087">
    <ele>29.290000000000003</ele>
   </trkpt>
   <trkpt lat="39.89697" lon="3.0337300000000003">
    <ele>29.92</ele>
   </trkpt>
   <trkpt lat="39.896710000000006" lon="3.03372">
    <ele>30.6</ele>
   </trkpt>
   <trkpt lat="39.89636" lon="3.03384">
    <ele>30.78</ele>
   </trkpt>
   <trkpt lat="39.89594000054957" lon="3.0341650019174087">
    <ele>31.040000000000003</ele>
   </trkpt>
   <trkpt lat="39.895520000000005" lon="3.0344900000000004">
    <ele>30.980000000000004</ele>
   </trkpt>
   <trkpt lat="39.89506" lon="3.0348900000000003">
    <ele>31.13</ele>
   </trkpt>
   <trkpt lat="39.89455500110946" lon="3.0353600033133104">
    <ele>31.37</ele>
   </trkpt>
   <trkpt lat="39.89405" lon="3.0358300000000003">
    <ele>31.55</ele>
   </trkpt>
   <trkpt lat="39.893645000517836" lon="3.0361700019910502">
    <ele>31.64</ele>
   </trkpt>
   <trkpt lat="39.893240000000006" lon="3.0365100000000003">
    <ele>31.86</ele>
   </trkpt>
   <trkpt lat="39.892900000000004" lon="3.0368500000000003">
    <ele>31.75</ele>
   </trkpt>
   <trkpt lat="39.89256" lon="3.0371300000000003">
    <ele>31.84</ele>
   </trkpt>
   <trkpt lat="39.89285500383424" lon="3.038079995778436">
    <ele>31.3</ele>
   </trkpt>
   <trkpt lat="39.893150000000006" lon="3.0390300000000003">
    <ele>30.46</ele>
   </trkpt>
   <trkpt lat="39.89278" lon="3.0393000000000003">
    <ele>29.51</ele>
   </trkpt>
   <trkpt lat="39.892570000000006" lon="3.0395200000000004">
    <ele>29.240000000000002</ele>
   </trkpt>
   <trkpt lat="39.892320000000005" lon="3.03989">
    <ele>28.96</ele>
   </trkpt>
   <trkpt lat="39.892210000000006" lon="3.0401200000000004">
    <ele>28.610000000000003</ele>
   </trkpt>
   <trkpt lat="39.892140000000005" lon="3.04028">
    <ele>28.400000000000002</ele>
   </trkpt>
   <trkpt lat="39.89208" lon="3.04062">
    <ele>28.400000000000002</ele>
   </trkpt>
   <trkpt lat="39.89204" lon="3.04123">
    <ele>27.69</ele>
   </trkpt>
   <trkpt lat="39.89204" lon="3.0419300000000002">
    <ele>27.28</ele>
   </trkpt>
   <trkpt lat="39.89208" lon="3.0422700000000003">
    <ele>27.22</ele>
   </trkpt>
   <trkpt lat="39.892070000000004" lon="3.0424700000000002">
    <ele>27.22</ele>
   </trkpt>
   <trkpt lat="39.891980000000004" lon="3.0426100000000003">
    <ele>27.070000000000004</ele>
   </trkpt>
   <trkpt lat="39.891373334467445" lon="3.042980006574742">
    <ele>26.92</ele>
   </trkpt>
   <trkpt lat="39.890766667759124" lon="3.043350006600054">
    <ele>26.7</ele>
   </trkpt>
   <trkpt lat="39.89016" lon="3.0437200000000004">
    <ele>26.89</ele>
   </trkpt>
   <trkpt lat="39.89047333771411" lon="3.0444333268364328">
    <ele>26.060000000000002</ele>
   </trkpt>
   <trkpt lat="39.8907866710582" lon="3.04514666019417">
    <ele>25.66</ele>
   </trkpt>
   <trkpt lat="39.8911" lon="3.0458600000000002">
    <ele>25.11</ele>
   </trkpt>
   <trkpt lat="39.89137" lon="3.04652">
    <ele>24.62</ele>
   </trkpt>
   <trkpt lat="39.8913" lon="3.0466800000000003">
    <ele>24.330000000000002</ele>
   </trkpt>
   <trkpt lat="39.890660002606545" lon="3.0474600072898315">
    <ele>24.180000000000003</ele>
   </trkpt>
   <trkpt lat="39.89002" lon="3.0482400000000003">
    <ele>23.700000000000003</ele>
   </trkpt>
   <trkpt lat="39.88996" lon="3.04835">
    <ele>23.700000000000003</ele>
   </trkpt>
   <trkpt lat="39.88994" lon="3.0486700000000004">
    <ele>23.330000000000002</ele>
   </trkpt>
   <trkpt lat="39.88996" lon="3.0490100000000004">
    <ele>23.14</ele>
   </trkpt>
   <trkpt lat="39.88984000000001" lon="3.04903">
    <ele>23.06</ele>
   </trkpt>
   <trkpt lat="39.88928000000001" lon="3.04902">
    <ele>23.290000000000003</ele>
   </trkpt>
   <trkpt lat="39.88873" lon="3.04902">
    <ele>23.500000000000004</ele>
   </trkpt>
   <trkpt lat="39.888670000000005" lon="3.0489900000000003">
    <ele>23.500000000000004</ele>
   </trkpt>
   <trkpt lat="39.88868" lon="3.0489900000000003">
    <ele>23.500000000000004</ele>
   </trkpt>
   <trkpt lat="39.88866" lon="3.0489900000000003">
    <ele>23.500000000000004</ele>
   </trkpt>
   <trkpt lat="39.88857" lon="3.0488100000000005">
    <ele>23.520000000000003</ele>
   </trkpt>
   <trkpt lat="39.88831000260254" lon="3.0480299970118203">
    <ele>23.85</ele>
   </trkpt>
   <trkpt lat="39.88805" lon="3.0472500000000005">
    <ele>24.400000000000002</ele>
   </trkpt>
   <trkpt lat="39.887740003968915" lon="3.046284995543573">
    <ele>25.16</ele>
   </trkpt>
   <trkpt lat="39.88743" lon="3.0453200000000002">
    <ele>25.370000000000005</ele>
   </trkpt>
   <trkpt lat="39.886770000000006" lon="3.0457300000000003">
    <ele>24.360000000000003</ele>
   </trkpt>
   <trkpt lat="39.886700000000005" lon="3.04571">
    <ele>24.020000000000003</ele>
   </trkpt>
   <trkpt lat="39.88665" lon="3.04564">
    <ele>24.020000000000003</ele>
   </trkpt>
   <trkpt lat="39.8866" lon="3.04549">
    <ele>24.020000000000003</ele>
   </trkpt>
   <trkpt lat="39.886390000000006" lon="3.04543">
    <ele>24.220000000000002</ele>
   </trkpt>
   <trkpt lat="39.885506666695086" lon="3.0453766652926166">
    <ele>25.93</ele>
   </trkpt>
   <trkpt lat="39.884623333365745" lon="3.0453233319595507">
    <ele>26.160000000000004</ele>
   </trkpt>
   <trkpt lat="39.88374" lon="3.0452700000000004">
    <ele>26.53</ele>
   </trkpt>
   <trkpt lat="39.883970000000005" lon="3.0460100000000003">
    <ele>25.810000000000002</ele>
   </trkpt>
   <trkpt lat="39.884303341196436" lon="3.04696665737432">
    <ele>24.98</ele>
   </trkpt>
   <trkpt lat="39.884636674533226" lon="3.0479233240507537">
    <ele>24.240000000000002</ele>
   </trkpt>
   <trkpt lat="39.88497" lon="3.04888">
    <ele>23.82</ele>
   </trkpt>
   <trkpt lat="39.88521" lon="3.0497600000000005">
    <ele>22.840000000000003</ele>
   </trkpt>
   <trkpt lat="39.885200000000005" lon="3.04997">
    <ele>22.79</ele>
   </trkpt>
   <trkpt lat="39.8850800022124" lon="3.0506850011489077">
    <ele>22.29</ele>
   </trkpt>
   <trkpt lat="39.88496000000001" lon="3.0514">
    <ele>21.19</ele>
   </trkpt>
   <trkpt lat="39.884793340000805" lon="3.052280004188711">
    <ele>20.490000000000002</ele>
   </trkpt>
   <trkpt lat="39.88462667335108" lon="3.0531600040991287">
    <ele>18.770000000000003</ele>
   </trkpt>
   <trkpt lat="39.884460000000004" lon="3.05404">
    <ele>18.660000000000004</ele>
   </trkpt>
   <trkpt lat="39.884330000000006" lon="3.05444">
    <ele>18.160000000000004</ele>
   </trkpt>
   <trkpt lat="39.88408333771612" lon="3.0551533384286396">
    <ele>17.550000000000004</ele>
   </trkpt>
   <trkpt lat="39.88383667106233" lon="3.0558666717246896">
    <ele>17.25</ele>
   </trkpt>
   <trkpt lat="39.883590000000005" lon="3.0565800000000003">
    <ele>16.51</ele>
   </trkpt>
   <trkpt lat="39.88338" lon="3.0573900000000003">
    <ele>16.18</ele>
   </trkpt>
   <trkpt lat="39.88313333767489" lon="3.058103338547626">
    <ele>15.540000000000001</ele>
   </trkpt>
   <trkpt lat="39.88288667097989" lon="3.058816671962834">
    <ele>14.650000000000002</ele>
   </trkpt>
   <trkpt lat="39.88264" lon="3.05953">
    <ele>13.9</ele>
   </trkpt>
   <trkpt lat="39.88257" lon="3.0599700000000003">
    <ele>13.780000000000001</ele>
   </trkpt>
   <trkpt lat="39.8825" lon="3.0602600000000004">
    <ele>13.690000000000001</ele>
   </trkpt>
   <trkpt lat="39.88273" lon="3.06055">
    <ele>13.340000000000002</ele>
   </trkpt>
   <trkpt lat="39.883010001559605" lon="3.0611499975794008">
    <ele>13.35</ele>
   </trkpt>
   <trkpt lat="39.88329" lon="3.0617500000000004">
    <ele>13.690000000000001</ele>
   </trkpt>
   <trkpt lat="39.88355000000001" lon="3.06205">
    <ele>13.780000000000001</ele>
   </trkpt>
   <trkpt lat="39.88389" lon="3.0628400000000005">
    <ele>13.82</ele>
   </trkpt>
   <trkpt lat="39.884040000000006" lon="3.063">
    <ele>13.760000000000002</ele>
   </trkpt>
   <trkpt lat="39.884100000000004" lon="3.06319">
    <ele>13.340000000000002</ele>
   </trkpt>
   <trkpt lat="39.88421" lon="3.0638">
    <ele>12.780000000000001</ele>
   </trkpt>
   <trkpt lat="39.88470500326907" lon="3.0646699937522004">
    <ele>12.370000000000001</ele>
   </trkpt>
   <trkpt lat="39.885200000000005" lon="3.0655400000000004">
    <ele>12.120000000000001</ele>
   </trkpt>
   <trkpt lat="39.88560000475684" lon="3.06628332468123">
    <ele>11.61</ele>
   </trkpt>
   <trkpt lat="39.886000004768505" lon="3.0670266580361303">
    <ele>10.8</ele>
   </trkpt>
   <trkpt lat="39.8864" lon="3.0677700000000003">
    <ele>10.31</ele>
   </trkpt>
   <trkpt lat="39.88688500954625" lon="3.0686299817810663">
    <ele>9.520000000000001</ele>
   </trkpt>
   <trkpt lat="39.887370012740966" lon="3.069489975730122">
    <ele>8.34</ele>
   </trkpt>
   <trkpt lat="39.88785500958397" lon="3.070349981847388">
    <ele>7.9300000000000015</ele>
   </trkpt>
   <trkpt lat="39.88834000000001" lon="3.07121">
    <ele>7.03</ele>
   </trkpt>
   <trkpt lat="39.888700001308656" lon="3.0717499972489755">
    <ele>6.470000000000001</ele>
   </trkpt>
   <trkpt lat="39.88906" lon="3.07229">
    <ele>6.37</ele>
   </trkpt>
   <trkpt lat="39.88924" lon="3.07249">
    <ele>6.33</ele>
   </trkpt>
   <trkpt lat="39.88971" lon="3.07288">
    <ele>6.260000000000001</ele>
   </trkpt>
   <trkpt lat="39.88969" lon="3.0728600000000004">
    <ele>6.260000000000001</ele>
   </trkpt>
   <trkpt lat="39.88998" lon="3.0731">
    <ele>6.44</ele>
   </trkpt>
   <trkpt lat="39.890060000000005" lon="3.0731900000000003">
    <ele>6.5200000000000005</ele>
   </trkpt>
   <trkpt lat="39.89009" lon="3.07342">
    <ele>6.5</ele>
   </trkpt>
   <trkpt lat="39.890100000000004" lon="3.0736200000000005">
    <ele>6.53</ele>
   </trkpt>
   <trkpt lat="39.890080000000005" lon="3.07383">
    <ele>6.44</ele>
   </trkpt>
   <trkpt lat="39.89014" lon="3.07397">
    <ele>5.94</ele>
   </trkpt>
   <trkpt lat="39.890170000000005" lon="3.0740100000000004">
    <ele>5.94</ele>
   </trkpt>
   <trkpt lat="39.89025" lon="3.0742300000000005">
    <ele>6.010000000000001</ele>
   </trkpt>
   <trkpt lat="39.89029" lon="3.07444">
    <ele>5.64</ele>
   </trkpt>
   <trkpt lat="39.89023" lon="3.0749000000000004">
    <ele>5.090000000000001</ele>
   </trkpt>
   <trkpt lat="39.890280000000004" lon="3.07499">
    <ele>4.96</ele>
   </trkpt>
   <trkpt lat="39.89034" lon="3.075">
    <ele>4.96</ele>
   </trkpt>
   <trkpt lat="39.89036" lon="3.07499">
    <ele>4.96</ele>
   </trkpt>
   <trkpt lat="39.890440000000005" lon="3.07507">
    <ele>4.96</ele>
   </trkpt>
   <trkpt lat="39.89059" lon="3.0751700000000004">
    <ele>4.51</ele>
   </trkpt>
   <trkpt lat="39.89110667391193" lon="3.076086652898975">
    <ele>4.260000000000001</ele>
   </trkpt>
   <trkpt lat="39.89162334060745" lon="3.0770033196166033">
    <ele>3.7600000000000002</ele>
   </trkpt>
   <trkpt lat="39.892140000000005" lon="3.07792">
    <ele>3.4400000000000004</ele>
   </trkpt>
   <trkpt lat="39.892120000000006" lon="3.07803">
    <ele>3.45</ele>
   </trkpt>
   <trkpt lat="39.892120000000006" lon="3.07819">
    <ele>3.45</ele>
   </trkpt>
   <trkpt lat="39.892410000000005" lon="3.07819">
    <ele>3.3800000000000003</ele>
   </trkpt>
   <trkpt lat="39.892410000000005" lon="3.07826">
    <ele>3.3800000000000003</ele>
   </trkpt>
   <trkpt lat="39.89317999993983" lon="3.07826">
    <ele>3.22</ele>
   </trkpt>
   <trkpt lat="39.893950000000004" lon="3.07826">
    <ele>3.08</ele>
   </trkpt>
   <trkpt lat="39.89448999988899" lon="3.0782749998787082">
    <ele>2.9800000000000004</ele>
   </trkpt>
   <trkpt lat="39.895030000000006" lon="3.0782900000000004">
    <ele>2.83</ele>
   </trkpt>
   <trkpt lat="39.89537" lon="3.0783400000000003">
    <ele>2.8000000000000003</ele>
   </trkpt>
   <trkpt lat="39.895880000000005" lon="3.07846">
    <ele>2.7600000000000002</ele>
   </trkpt>
  </trkseg>
 </trk>
</gpx>
